price_date,commodity_code,commodity_name,source_unit,currency,market_count,mean_estimated_price,median_estimated_price,mean_trust_score,interpolated_market_share,mom_change_pct,yoy_change_pct
2007-01-01,beans,Beans,2.5 KG,NGN,67,144.28432835820894,140.78,8.23134328358209,0.0,,
2007-02-01,beans,Beans,2.5 KG,NGN,67,151.21014925373134,150.34,8.23134328358209,0.0,4.800119995241592,
2007-03-01,beans,Beans,2.5 KG,NGN,67,151.6258208955224,151.88,8.23134328358209,0.0,0.2748966546508358,
2007-04-01,beans,Beans,2.5 KG,NGN,67,168.75820895522386,168.19,8.23134328358209,0.0,11.299123037563973,
2007-05-01,beans,Beans,2.5 KG,NGN,67,172.59850746268657,173.42,8.23134328358209,0.0,2.2756217497435394,
2007-06-01,beans,Beans,2.5 KG,NGN,67,185.27791044776117,183.68,8.23134328358209,0.0,7.346183447047316,
2007-07-01,beans,Beans,2.5 KG,NGN,67,173.82746268656717,173.76,8.23134328358209,0.0,-6.180147289831639,
2007-08-01,beans,Beans,2.5 KG,NGN,67,179.8020895522388,180.27,8.23134328358209,0.0,3.4371018096517103,
2007-09-01,beans,Beans,2.5 KG,NGN,67,189.32000000000002,189.12,8.23134328358209,0.0,5.293548296053552,
2007-10-01,beans,Beans,2.5 KG,NGN,67,201.45447761194032,203.07,8.23134328358209,0.0,6.409506450422731,
2007-11-01,beans,Beans,2.5 KG,NGN,67,192.49,190.5,8.23134328358209,0.0,-4.449877569466832,
2007-12-01,beans,Beans,2.5 KG,NGN,67,194.10253731343286,194.84,8.23134328358209,0.0,0.837725239458087,
2008-01-01,beans,Beans,2.5 KG,NGN,67,203.28119402985075,201.3,8.23134328358209,0.0,4.728766992672728,40.889309561862234
2008-02-01,beans,Beans,2.5 KG,NGN,67,215.02373134328357,215.77,8.23134328358209,0.0,5.776499577087524,42.20191726844522
2008-03-01,beans,Beans,2.5 KG,NGN,67,227.24940298507462,226.35,8.23134328358209,0.0,5.685731321568821,49.87513448758874
2008-04-01,beans,Beans,2.5 KG,NGN,67,253.1040298507463,252.62,8.23134328358209,0.0,11.377203427623428,49.98027735521988
2008-05-01,beans,Beans,2.5 KG,NGN,67,283.7064179104478,283.6,8.23134328358209,0.0,12.090833985435756,64.37362181233301
2008-06-01,beans,Beans,2.5 KG,NGN,67,293.24089552238803,295.0,8.23134328358209,0.0,3.3606844999008123,58.2708347766405
2008-07-01,beans,Beans,2.5 KG,NGN,67,288.57716417910444,285.87,8.23134328358209,0.0,-1.5904095965112552,66.01356294283916
2008-08-01,beans,Beans,2.5 KG,NGN,67,258.3964179104478,256.87,8.23134328358209,0.0,-10.45846657843137,43.711576741923544
2008-09-01,beans,Beans,2.5 KG,NGN,67,259.52089552238806,257.2,8.23134328358209,0.0,0.43517538711779213,37.08054908218257
2008-10-01,beans,Beans,2.5 KG,NGN,67,261.5294029850746,260.88,8.23134328358209,0.0,0.773928996601092,29.820595742158694
2008-11-01,beans,Beans,2.5 KG,NGN,67,241.0386567164179,242.1,8.23134328358209,0.0,-7.834968471910642,25.221391613287913
2008-12-01,beans,Beans,2.5 KG,NGN,67,230.0820895522388,231.72,8.23134328358209,0.0,-4.5455643146358415,18.536363685296344
2009-01-01,beans,Beans,2.5 KG,NGN,67,226.92164179104478,226.79,8.23134328358209,0.0,-1.3736174629431441,11.629431770123588
2009-02-01,beans,Beans,2.5 KG,NGN,67,267.0855223880597,267.63,8.23134328358209,0.0,17.69944914905861,24.212114039477783
2009-03-01,beans,Beans,2.5 KG,NGN,67,248.36223880597015,245.08,8.23134328358209,0.0,-7.010220327437189,9.290601226478113
2009-04-01,beans,Beans,2.5 KG,NGN,67,246.724776119403,245.97,8.23134328358209,0.0,-0.6593042060014542,-2.520407808245917
2009-05-01,beans,Beans,2.5 KG,NGN,67,240.94104477611938,239.24,8.232835820895522,0.0,-2.3442037051376485,-15.073812375942563
2009-06-01,beans,Beans,2.5 KG,NGN,67,276.5279104477612,274.82,8.235820895522387,0.0,14.769947438681053,-5.699404595274416
2009-07-01,beans,Beans,2.5 KG,NGN,67,283.78089552238805,281.14,8.23731343283582,0.0,2.622876317577716,-1.662040262388742
2009-08-01,beans,Beans,2.5 KG,NGN,67,287.76343283582094,286.79,8.238805970149254,0.0,1.4033845746035167,11.36510140614675
2009-09-01,beans,Beans,2.5 KG,NGN,67,279.0640298507463,277.72,8.238805970149254,0.0,-3.0231092600420673,7.530466588834783
2009-10-01,beans,Beans,2.5 KG,NGN,67,281.0144776119403,278.08,8.238805970149254,0.0,0.6989248174467999,7.450433643202148
2009-11-01,beans,Beans,2.5 KG,NGN,67,273.8944776119403,271.72,8.240298507462684,0.0,-2.5336772896918824,13.630934283780594
2009-12-01,beans,Beans,2.5 KG,NGN,67,296.6520895522388,291.56,8.240298507462684,0.0,8.308897696193052,28.93315169796633
2010-01-01,beans,Beans,2.5 KG,NGN,67,288.2491044776119,287.89,8.241791044776118,0.0,-2.8326060629844885,27.02583244265395
2010-02-01,beans,Beans,2.5 KG,NGN,67,263.28313432835824,261.87,8.246268656716419,0.0,-8.661248122348553,-1.4236593678697451
2010-03-01,beans,Beans,2.5 KG,NGN,67,262.4958208955224,262.41,8.247761194029849,0.0,-0.2990367897451107,5.690712951172072
2010-04-01,beans,Beans,2.5 KG,NGN,67,273.9456716417911,272.99,8.250746268656716,0.0,4.361917346800692,11.03289906694027
2010-05-01,beans,Beans,2.5 KG,NGN,67,322.6441791044776,325.74,8.250746268656716,0.0,17.7767026472184,33.91001080960536
2010-06-01,beans,Beans,2.5 KG,NGN,67,313.63194029850746,310.66,8.250746268656716,0.0,-2.79324388587584,13.417824548222445
2010-07-01,beans,Beans,2.5 KG,NGN,67,291.82417910447765,292.13,8.25223880597015,0.0,-6.953297286390436,2.8343287758266555
2010-08-01,beans,Beans,2.5 KG,NGN,67,268.7041791044776,268.64,8.25223880597015,0.0,-7.922578612556553,-6.623236852410397
2010-09-01,beans,Beans,2.5 KG,NGN,67,252.05686567164182,246.22,8.256716417910447,0.0,-6.195405478365467,-9.677766136161981
2010-10-01,beans,Beans,2.5 KG,NGN,67,232.24268656716418,231.88,8.259701492537314,0.0,-7.860995593863274,-17.355615076930764
2010-11-01,beans,Beans,2.5 KG,NGN,67,260.49746268656713,258.33,8.262686567164177,0.0,12.166056351243482,-4.891305236301391
2010-12-01,beans,Beans,2.5 KG,NGN,67,250.24134328358207,247.63,8.267164179104478,0.0,-3.937128330238404,-15.64484050616608
2011-01-01,beans,Beans,2.5 KG,NGN,67,255.9792537313433,254.47,8.267164179104478,0.0,2.2929506261716526,-11.195126106202691
2011-02-01,beans,Beans,2.5 KG,NGN,67,254.28985074626863,248.62,8.267164179104478,0.0,-0.6599765256163126,-3.415822135751956
2011-03-01,beans,Beans,2.5 KG,NGN,67,272.99208955223884,270.86,8.26865671641791,0.0,7.354693374935906,3.9986421958672302
2011-04-01,beans,Beans,2.5 KG,NGN,67,277.0265671641791,276.51,8.270149253731342,0.0,1.4778734499441226,1.1246374158510264
2011-05-01,beans,Beans,2.5 KG,NGN,67,273.0568656716418,271.07,8.271641791044775,0.0,-1.4329677955344455,-15.369040151435243
2011-06-01,beans,Beans,2.5 KG,NGN,67,268.4520895522388,265.62,8.271641791044775,0.0,-1.6863799077443176,-14.405372967838526
2011-07-01,beans,Beans,2.5 KG,NGN,67,292.93298507462686,295.83,8.273134328358209,0.0,9.119279184312035,0.379956854004293
2011-08-01,beans,Beans,2.5 KG,NGN,67,252.98746268656717,249.01,8.273134328358209,0.0,-13.636403007972376,-5.849077774037692
2011-09-01,beans,Beans,2.5 KG,NGN,67,252.98686567164177,248.81,8.273134328358209,0.0,-0.00023598597300722446,0.3689643594995351
2011-10-01,beans,Beans,2.5 KG,NGN,67,257.3274626865671,249.35,8.273134328358209,0.0,1.7157400655570587,10.80110486585697
2011-11-01,beans,Beans,2.5 KG,NGN,67,279.78164179104476,277.67,8.271641791044775,0.0,8.725916336348272,7.40282799901224
2011-12-01,beans,Beans,2.5 KG,NGN,67,279.2194029850746,279.15,8.26865671641791,0.0,-0.20095628947307542,11.580044816436907
2012-01-01,beans,Beans,2.5 KG,NGN,67,292.6974626865672,295.61,8.265671641791045,0.0,4.827049824403851,14.344212829747738
2012-02-01,beans,Beans,2.5 KG,NGN,67,304.23238805970146,302.83,8.264179104477611,0.0,3.940903780736349,19.64000417903651
2012-03-01,beans,Beans,2.5 KG,NGN,67,304.9982089552239,300.51,8.262686567164177,0.0,0.2517223430439586,11.724192981372262
2012-04-01,beans,Beans,2.5 KG,NGN,67,333.91567164179105,335.15,8.267164179104478,0.0,9.48119098325999,20.535613266252838
2012-05-01,beans,Beans,2.5 KG,NGN,67,344.8707462686567,348.24,8.270149253731342,0.0,3.2807907975693107,26.29997250586369
2012-06-01,beans,Beans,2.5 KG,NGN,67,332.4341791044776,326.45,8.27462686567164,0.0,-3.6061531164173988,23.83370889716556
2012-07-01,beans,Beans,2.5 KG,NGN,67,326.4155223880597,325.45,8.280597014925373,0.0,-1.8104807191099304,11.43010142913845
2012-08-01,beans,Beans,2.5 KG,NGN,67,338.2320895522388,341.23,8.28507462686567,0.0,3.620099644076036,33.69519815742152
2012-09-01,beans,Beans,2.5 KG,NGN,67,313.11522388059706,310.22,8.28955223880597,0.0,-7.425926293655982,23.767383357757964
2012-10-01,beans,Beans,2.5 KG,NGN,67,303.8076119402985,300.88,8.292537313432835,0.0,-2.9725836466667377,18.062646236226108
2012-11-01,beans,Beans,2.5 KG,NGN,67,339.69432835820896,335.65,8.297014925373134,0.0,11.812316415877877,21.414087852093623
2012-12-01,beans,Beans,2.5 KG,NGN,67,371.0098507462687,370.73,8.304477611940298,0.0,9.21873572026124,32.87395029854019
2013-01-01,beans,Beans,2.5 KG,NGN,67,377.77671641791045,372.51,8.307462686567163,0.0,1.823904583134528,29.067301421211745
2013-02-01,beans,Beans,2.5 KG,NGN,67,393.24402985074624,394.58,8.313432835820896,0.0,4.094300352731439,29.25777967255001
2013-03-01,beans,Beans,2.5 KG,NGN,67,389.9337313432836,382.35,8.322388059701492,0.0,-0.8417924383286923,27.84787578884731
2013-04-01,beans,Beans,2.5 KG,NGN,67,409.03731343283584,413.02,8.322388059701492,0.0,4.899186849966086,22.497189611283574
2013-05-01,beans,Beans,2.5 KG,NGN,67,391.61552238805973,392.28,8.322388059701492,0.0,-4.259218040174417,13.554288563225514
2013-06-01,beans,Beans,2.5 KG,NGN,67,402.3128358208955,404.4,8.322388059701492,0.0,2.7315856551353823,21.020298485751177
2013-07-01,beans,Beans,2.5 KG,NGN,67,421.2473134328358,419.83,8.32089552238806,0.0,4.706406538907881,29.0524759211773
2013-08-01,beans,Beans,2.5 KG,NGN,67,440.8101492537313,443.44,8.319402985074626,0.0,4.644026251817168,30.32771368242684
2013-09-01,beans,Beans,2.5 KG,NGN,67,445.2932835820896,441.24,8.317910447761193,0.0,1.0170215762835833,42.21387196168307
2013-10-01,beans,Beans,2.5 KG,NGN,67,441.8537313432836,436.09,8.31641791044776,0.0,-0.7724240103369806,45.43866380481363
2013-11-01,beans,Beans,2.5 KG,NGN,67,435.27522388059697,430.17,8.314925373134328,0.0,-1.4888427993325348,28.137324512994976
2013-12-01,beans,Beans,2.5 KG,NGN,67,418.6497014925373,415.0,8.313432835820896,0.0,-3.8195425505358704,12.840589178546956
2014-01-01,beans,Beans,2.5 KG,NGN,67,394.37149253731343,395.42,8.311940298507462,0.0,-5.799170253476616,4.392747196480262
2014-02-01,beans,Beans,2.5 KG,NGN,67,380.2459701492537,382.15,8.311940298507462,0.0,-3.581780796877254,-3.3053419034551834
2014-03-01,beans,Beans,2.5 KG,NGN,67,397.84910447761195,393.92,8.311940298507462,0.0,4.629407202250868,2.0299277795384985
2014-04-01,beans,Beans,2.5 KG,NGN,67,398.9116417910448,387.39,8.311940298507462,0.0,0.2670704298374682,-2.475488496834577
2014-05-01,beans,Beans,2.5 KG,NGN,67,381.0791044776119,376.98,8.305970149253731,0.0,-4.470297540921065,-2.690500582356148
2014-06-01,beans,Beans,2.5 KG,NGN,67,381.6944776119403,379.65,8.298507462686567,0.0,0.1614817309838923,-5.124956594259455
2014-07-01,beans,Beans,2.5 KG,NGN,67,393.20522388059703,382.52,8.319402985074626,0.0,3.0156963078620924,-6.656918313310467
2014-08-01,beans,Beans,2.5 KG,NGN,67,363.4664179104478,353.01,8.335820895522389,0.0,-7.56317672401522,-17.545814558540094
2014-09-01,beans,Beans,2.5 KG,NGN,67,347.9688059701493,338.5,8.355223880597014,0.0,-4.26383599051422,-21.856264444194927
2014-10-01,beans,Beans,2.5 KG,NGN,67,343.34402985074627,339.27,8.365671641791044,0.0,-1.3290777908982254,-22.294640625316674
2014-11-01,beans,Beans,2.5 KG,NGN,67,331.7376119402985,321.02,8.371641791044775,0.0,-3.380404754814914,-23.786700060075205
2014-12-01,beans,Beans,2.5 KG,NGN,67,335.5023880597015,327.52,8.376119402985074,0.0,1.1348656238836519,-19.860831892726893
2015-01-01,beans,Beans,2.5 KG,NGN,67,318.2188059701493,310.56,8.392537313432834,0.0,-5.151552628137079,-19.309886238787655
2015-02-01,beans,Beans,2.5 KG,NGN,67,300.5371641791045,293.59,8.407462686567163,0.0,-5.55644149852772,-20.962432800763676
2015-03-01,beans,Beans,2.5 KG,NGN,67,307.48910447761193,299.28,8.414925373134327,0.0,2.313171589775309,-22.71212853894581
2015-04-01,beans,Beans,2.5 KG,NGN,67,311.35492537313434,307.88,8.43134328358209,0.0,1.2572220736373652,-21.948899767576556
2015-05-01,beans,Beans,2.5 KG,NGN,67,315.4385074626866,306.66,8.441791044776117,0.0,1.311552108789793,-17.22492685735323
2015-06-01,beans,Beans,2.5 KG,NGN,67,324.79014925373133,321.24,8.441791044776117,0.0,2.9646481231055732,-14.908344682959296
2015-07-01,beans,Beans,2.5 KG,NGN,67,303.6438805970149,298.4,8.441791044776117,0.0,-6.510748157018953,-22.777251634576157
2015-08-01,beans,Beans,2.5 KG,NGN,67,296.0122388059701,291.45,8.44328358208955,0.0,-2.513352739412922,-18.55857261649335
2015-09-01,beans,Beans,2.5 KG,NGN,67,293.22910447761194,291.91,8.447761194029852,0.0,-0.9402092087761549,-15.731209393876878
2015-10-01,beans,Beans,2.5 KG,NGN,67,284.3019402985075,279.0,8.449253731343282,0.0,-3.044433189880047,-17.196189366655002
2015-11-01,beans,Beans,2.5 KG,NGN,67,319.39746268656717,315.54,8.452238805970149,0.0,12.344454051636289,-3.719852319896766
2015-12-01,beans,Beans,2.5 KG,NGN,67,318.3482089552239,315.36,8.452238805970149,0.0,-0.32851035274907847,-5.112982713382374
2016-01-01,beans,Beans,2.5 KG,NGN,67,329.3570149253731,319.55,8.461194029850747,0.0,3.458102059464574,3.5001730715653157
2016-02-01,beans,Beans,2.5 KG,NGN,67,355.09507462686565,343.3,8.461194029850747,0.0,7.814638381795014,18.153465511256208
2016-03-01,beans,Beans,2.5 KG,NGN,67,415.2719402985075,409.82,8.459701492537313,0.0,16.94669117415266,35.052570725719214
2016-04-01,beans,Beans,2.5 KG,NGN,67,477.49059701492536,475.73,8.456716417910446,0.0,14.982629616557674,53.35893480493059
2016-05-01,beans,Beans,2.5 KG,NGN,67,571.4037313432837,563.45,8.453731343283582,0.0,19.668059416345486,81.14583914929136
2016-06-01,beans,Beans,2.5 KG,NGN,67,621.2632835820896,613.12,8.519402985074626,0.0,8.725800953660844,91.28144280532
2016-07-01,beans,Beans,2.5 KG,NGN,67,590.293880597015,580.0,8.574626865671641,0.0,-4.984907977582498,94.40335153021955
2016-08-01,beans,Beans,2.5 KG,NGN,67,622.7129850746268,623.58,8.6,0.0,5.492027876830363,110.36731034719219
2016-09-01,beans,Beans,2.5 KG,NGN,67,656.9328358208955,655.45,8.611940298507463,0.0,5.495284596027461,124.03398086667501
2016-10-01,beans,Beans,2.5 KG,NGN,67,704.2544776119404,698.36,8.619402985074627,0.0,7.2034215997001105,147.7135670873357
2016-11-01,beans,Beans,2.5 KG,NGN,67,668.083880597015,667.92,8.635820895522388,0.0,-5.136012359847031,109.17006508991042
2016-12-01,beans,Beans,2.5 KG,NGN,67,654.2146268656716,643.65,8.729850746268657,0.0,-2.0759749088616775,105.50284514328388
2017-01-01,beans,Beans,2.5 KG,NGN,67,729.6002985074628,720.95,8.732835820895522,0.0,11.523079513364355,121.52262300311962
2017-02-01,beans,Beans,2.5 KG,NGN,67,759.836119402985,751.97,8.785074626865672,0.0,4.144162352643699,113.98103598069382
2017-03-01,beans,Beans,2.5 KG,NGN,67,824.889552238806,817.0,8.832835820895522,0.0,8.561508353529511,98.63840346300678
2017-04-01,beans,Beans,2.5 KG,NGN,67,863.6788059701493,847.89,8.859701492537313,0.0,4.702357258140388,80.87870449586099
2017-05-01,beans,Beans,2.5 KG,NGN,67,878.9873134328359,867.94,8.867164179104478,0.0,1.7724769158241616,53.829466840629436
2017-06-01,beans,Beans,2.5 KG,NGN,67,939.3273134328358,925.09,8.886567164179104,0.0,6.864717963259959,51.19633467100255
2017-07-01,beans,Beans,2.5 KG,NGN,67,1089.1934328358209,1069.21,8.888059701492537,0.0,15.95462170212949,84.51714792201908
2017-08-01,beans,Beans,2.5 KG,NGN,67,1179.9391044776119,1122.81,8.891044776119402,0.0,8.33145600277132,89.4836197026157
2017-09-01,beans,Beans,2.5 KG,NGN,67,1138.0598507462685,1080.79,8.917910447761194,0.0,-3.549272464351827,73.23838734962338
2017-10-01,beans,Beans,2.5 KG,NGN,67,1029.7801492537315,933.42,8.934328358208955,0.0,-9.514411866962359,46.222733683656145
2017-11-01,beans,Beans,2.5 KG,NGN,67,1084.4429850746267,988.53,8.938805970149254,0.0,5.308204460972443,62.32138157644871
2017-12-01,beans,Beans,2.5 KG,NGN,67,1040.4546268656718,949.7,8.941791044776119,0.0,-4.0563089820649045,59.038728903153384
2018-01-01,beans,Beans,2.5 KG,NGN,67,1088.0176119402984,962.0,8.964179104477612,0.0,4.571365617154122,49.12515992195274
2018-02-01,beans,Beans,2.5 KG,NGN,67,1170.3501492537314,1006.55,8.95820895522388,0.0,7.567206303453733,54.026653822839265
2018-03-01,beans,Beans,2.5 KG,NGN,67,1199.733582089552,1055.95,8.95820895522388,0.0,2.5106531455186154,45.44172354146008
2018-04-01,beans,Beans,2.5 KG,NGN,67,1199.3573134328358,1010.0,8.952238805970149,0.0,-0.03136268437705647,38.86612767875288
2018-05-01,beans,Beans,2.5 KG,NGN,67,1126.1667164179105,1010.0,8.946268656716418,0.0,-6.102484738717018,28.120929529657168
2018-06-01,beans,Beans,2.5 KG,NGN,67,1001.9753731343285,955.65,8.934328358208955,0.0,-11.027793795807373,6.6694600280003735
2018-07-01,beans,Beans,2.5 KG,NGN,67,893.6546268656716,845.73,8.93134328358209,0.0,-10.810719422156401,-17.95262439850055
2018-08-01,beans,Beans,2.5 KG,NGN,67,855.1308955223881,846.31,8.922388059701492,0.0,-4.310807574330855,-27.5275399995345
2018-09-01,beans,Beans,2.5 KG,NGN,67,783.5267164179105,756.43,8.922388059701492,0.0,-8.373475859591705,-31.152415586568427
2018-10-01,beans,Beans,2.5 KG,NGN,67,730.4398507462687,729.76,8.925373134328359,0.0,-6.775374031193449,-29.06836946938537
2018-11-01,beans,Beans,2.5 KG,NGN,67,710.2361194029851,695.38,8.926865671641792,0.0,-2.76596783741222,-34.50682708283556
2018-12-01,beans,Beans,2.5 KG,NGN,67,696.5544776119403,677.0,8.929850746268656,0.0,-1.9263511693189184,-33.052873270381525
2019-01-01,beans,Beans,2.5 KG,NGN,67,650.1858208955224,637.16,8.91641791044776,0.0,-6.656860045661861,-40.241241156379424
2019-02-01,beans,Beans,2.5 KG,NGN,67,634.994776119403,639.81,8.967164179104477,0.0,-2.336415881108611,-45.74317980612002
2019-03-01,beans,Beans,2.5 KG,NGN,67,628.6977611940298,633.21,9.0,0.0,-0.9916640517668052,-47.59688562697066
2019-04-01,beans,Beans,2.5 KG,NGN,67,570.4931343283582,577.0,9.029850746268657,0.0,-9.257966300870656,-52.4334301430592
2019-05-01,beans,Beans,2.5 KG,NGN,67,526.919552238806,525.56,9.037313432835822,0.0,-7.637880189540136,-53.211230223991926
2019-06-01,beans,Beans,2.5 KG,NGN,67,499.51925373134327,481.11,9.043283582089552,0.0,-5.200091435408449,-50.14655378517213
2019-07-01,beans,Beans,2.5 KG,NGN,67,487.3729850746269,499.71,9.043283582089552,0.0,-2.431591688605661,-45.462937199352105
2019-08-01,beans,Beans,2.5 KG,NGN,67,478.4444776119403,487.06,9.056716417910447,0.0,-1.8319660170166174,-44.05014716259726
2019-09-01,beans,Beans,2.5 KG,NGN,67,488.9213432835821,487.62,9.067164179104477,0.0,2.1897766954976694,-37.59991420346086
2019-10-01,beans,Beans,2.5 KG,NGN,67,478.4943283582089,477.0,9.067164179104477,0.0,-2.132656933187993,-34.49230242992007
2019-11-01,beans,Beans,2.5 KG,NGN,67,474.0210447761194,453.17,9.06865671641791,0.0,-0.9348665839860715,-33.258668233519984
2019-12-01,beans,Beans,2.5 KG,NGN,67,451.1416417910448,435.42,9.074626865671641,0.0,-4.826663971402501,-35.2323965617544
2020-01-01,beans,Beans,2.5 KG,NGN,67,431.26358208955224,425.4,9.076119402985075,0.0,-4.406168231905195,-33.67071870383782
2020-02-01,beans,Beans,2.5 KG,NGN,67,435.214776119403,421.77,9.073134328358208,0.0,0.9161900503414699,-31.461676144944196
2020-03-01,beans,Beans,2.5 KG,NGN,67,426.81373134328356,434.44,9.077611940298507,0.0,-1.9303215876600999,-32.11145995928566
2020-04-01,beans,Beans,2.5 KG,NGN,67,446.82134328358205,446.81,9.077611940298507,0.0,4.687668289707969,-21.678050725426345
2020-05-01,beans,Beans,2.5 KG,NGN,67,478.74149253731343,473.0,9.07910447761194,0.0,7.143828228785565,-9.143342564683898
2020-06-01,beans,Beans,2.5 KG,NGN,67,543.3286567164179,529.0,9.07910447761194,0.0,13.491031211185533,8.77031318769479
2020-07-01,beans,Beans,2.5 KG,NGN,67,606.6014925373134,592.6,9.076119402985075,0.0,11.645407441470535,24.463503541221133
2020-08-01,beans,Beans,2.5 KG,NGN,67,655.6658208955224,651.0,9.076119402985075,0.0,8.08839558784813,37.04115139297812
2020-09-01,beans,Beans,2.5 KG,NGN,67,692.935223880597,680.51,9.077611940298507,0.0,5.684207075819714,41.72734191288592
2020-10-01,beans,Beans,2.5 KG,NGN,67,603.6419402985075,601.54,9.077611940298507,0.0,-12.886238208822254,26.154460883517714
2020-11-01,beans,Beans,2.5 KG,NGN,67,719.8732835820896,720.5,9.073134328358208,0.0,19.255014525018655,51.865258202214704
2020-12-01,beans,Beans,2.5 KG,NGN,67,706.0332835820896,708.5,9.056716417910447,0.0,-1.92256058331991,56.49924949936298
2021-01-01,beans,Beans,2.5 KG,NGN,67,791.4461194029851,786.37,9.056716417910447,0.0,12.097565059192394,83.51795798946935
2021-02-01,beans,Beans,2.5 KG,NGN,67,880.0208955223881,885.0,9.056716417910447,0.0,11.19151057133465,102.20381839263442
2021-03-01,beans,Beans,2.5 KG,NGN,67,1064.6576119402985,1061.57,9.067164179104477,0.0,20.980946856757132,149.44314902652488
2021-04-01,beans,Beans,2.5 KG,NGN,67,1122.3852238805969,1105.76,9.073134328358208,0.0,5.422176227631725,151.19328804493964
2021-05-01,beans,Beans,2.5 KG,NGN,67,1177.8977611940297,1157.8,9.080597014925372,0.0,4.945943347463255,146.04045806667227
2021-06-01,beans,Beans,2.5 KG,NGN,67,1307.9279104477612,1303.67,9.086567164179105,0.0,11.039171101057232,140.72500028843763
2021-07-01,beans,Beans,2.5 KG,NGN,67,1431.8362686567164,1426.11,9.08955223880597,0.0,9.473638204305601,136.04232536052336
2021-08-01,beans,Beans,2.5 KG,NGN,67,1420.3040298507462,1396.2,9.08955223880597,0.0,-0.805416028243866,116.6201111277792
2021-09-01,beans,Beans,2.5 KG,NGN,67,1469.2776119402986,1462.83,9.091044776119404,0.0,3.4481055506614844,112.0367909300389
2021-10-01,beans,Beans,2.5 KG,NGN,67,1356.596119402985,1337.82,9.091044776119404,0.0,-7.669176445730264,124.73523273285707
2021-11-01,beans,Beans,2.5 KG,NGN,67,1232.59776119403,1223.46,9.091044776119404,0.0,-9.140403428510812,71.22426811849765
2021-12-01,beans,Beans,2.5 KG,NGN,67,1160.59,1146.0,9.088059701492536,0.0,-5.841951321108629,64.38176881856019
2022-01-01,beans,Beans,2.5 KG,NGN,67,1281.8716417910448,1250.0,9.088059701492536,0.0,10.449998861875853,61.96574982994476
2022-02-01,beans,Beans,2.5 KG,NGN,67,1299.1237313432835,1252.99,9.080597014925372,0.0,1.3458515649924063,47.624191420149444
2022-03-01,beans,Beans,2.5 KG,NGN,67,1329.2364179104477,1346.0,9.071641791044776,0.0,2.3179229076223606,24.851069771432364
2022-04-01,beans,Beans,2.5 KG,NGN,67,1317.9841791044776,1316.11,9.052238805970148,0.0,-0.8465189980017662,17.427078605650735
2022-05-01,beans,Beans,2.5 KG,NGN,67,1301.8431343283582,1335.8,9.029850746268657,0.0,-1.2246766715429458,10.5225917917261
2022-06-01,beans,Beans,2.5 KG,NGN,67,1170.173432835821,1153.33,9.044776119402986,0.0,-10.11409885112371,-10.532268369804942
2022-07-01,beans,Beans,2.5 KG,NGN,67,1216.4688059701493,1201.78,9.044776119402986,0.0,3.956283046192155,-15.041347073057098
2022-08-01,beans,Beans,2.5 KG,NGN,67,1126.6740298507464,1102.1,9.040298507462685,0.0,-7.3815929910171825,-20.673742651484005
2022-09-01,beans,Beans,2.5 KG,NGN,67,1100.4950746268657,1081.3,9.037313432835822,0.0,-2.323560722114859,-25.099581884081523
2022-10-01,beans,Beans,2.5 KG,NGN,67,1058.2876119402986,1066.9,9.031343283582089,0.0,-3.835315910057846,-21.98948553634128
2022-11-01,beans,Beans,2.5 KG,NGN,67,1054.9462686567163,1058.36,9.02089552238806,0.0,-0.3157311156138487,-14.412770989071156
2022-12-01,beans,Beans,2.5 KG,NGN,67,1056.6023880597015,1061.62,8.998507462686566,0.0,0.1569861377958226,-8.959892118689494
2023-01-01,beans,Beans,2.5 KG,NGN,67,1066.584328358209,1061.44,8.988059701492537,0.0,0.9447205884928866,-16.794763720026918
2023-02-01,beans,Beans,2.5 KG,NGN,67,1014.2131343283581,1011.78,9.011940298507461,0.0,-4.910178467600934,-21.9309824107616
2023-03-01,beans,Beans,2.5 KG,NGN,67,1049.6050746268656,1056.79,8.992537313432836,0.0,3.4895959340878635,-21.03699082539139
2023-04-01,beans,Beans,2.5 KG,NGN,67,1172.73447761194,1173.38,8.974626865671642,0.0,11.731022073120867,-11.020595223777985
2023-05-01,beans,Beans,2.5 KG,NGN,67,1261.606119402985,1250.0,8.944776119402984,0.0,7.578155455275426,-3.0907729099122316
2023-06-01,beans,Beans,2.5 KG,NGN,67,1339.8644776119402,1358.47,9.101492537313431,0.0,6.203073764891731,14.501358517846953
2023-07-01,beans,Beans,2.5 KG,NGN,67,1459.829104477612,1500.0,9.22537313432836,0.0,8.953489615568166,20.005469709794955
2023-08-01,beans,Beans,2.5 KG,NGN,67,1554.0141791044775,1588.71,9.307462686567165,0.0,6.451787701586409,37.92935116382705
2023-09-01,beans,Beans,2.5 KG,NGN,67,1575.0862686567164,1603.28,9.338805970149254,0.0,1.3559779463776733,43.12524471686214
2023-10-01,beans,Beans,2.5 KG,NGN,67,1649.0059701492537,1668.11,9.35820895522388,0.0,4.693057324128569,55.81831928712773
2023-11-01,beans,Beans,2.5 KG,NGN,67,1732.4249253731343,1727.72,9.322388059701494,0.0,5.058741856242666,64.21925711714825
2023-12-01,beans,Beans,2.5 KG,NGN,67,1983.0197014925375,1972.94,9.264179104477611,0.0,14.464971754284207,87.67889642328637
2024-01-01,beans,Beans,2.5 KG,NGN,67,2219.1091044776117,2143.15,9.208955223880597,0.0,11.905550046092817,108.05753895648192
2024-02-01,beans,Beans,2.5 KG,NGN,67,2504.1301492537314,2465.52,9.21044776119403,0.0,12.843940128992216,146.90373891795835
2024-03-01,beans,Beans,2.5 KG,NGN,67,2807.2962686567166,2765.67,9.2,0.0,12.106643877648814,167.46214709896577
2024-04-01,beans,Beans,2.5 KG,NGN,67,3016.6913432835822,2919.82,9.186567164179104,0.0,7.458958890970946,157.23566594771938
2024-05-01,beans,Beans,2.5 KG,NGN,67,3425.2620895522386,3288.23,9.164179104477611,0.0,13.54367085576409,171.50011694403756
2024-06-01,beans,Beans,2.5 KG,NGN,67,4249.560746268657,4123.29,9.12089552238806,0.0,24.065272529967864,217.16347565559096
2024-07-01,beans,Beans,2.5 KG,NGN,67,4180.741044776119,4153.33,9.098507462686568,0.0,-1.6194544707465286,186.3856482894389
2024-08-01,beans,Beans,2.5 KG,NGN,67,4328.577910447761,4255.71,9.101492537313431,0.0,3.5361402222308103,178.54172559365992
2024-09-01,beans,Beans,2.5 KG,NGN,67,4444.762089552239,4181.33,9.135820895522388,0.0,2.6841189302391433,182.1916601014415
2024-10-01,beans,Beans,2.5 KG,NGN,67,3990.3776119402983,3713.45,9.167164179104477,0.0,-10.222920112642397,141.9868505132898
2024-11-01,beans,Beans,2.5 KG,NGN,67,3821.984925373134,3594.41,9.198507462686566,0.0,-4.219968708306887,120.61475042273156
2024-12-01,beans,Beans,2.5 KG,NGN,67,3702.64447761194,3563.9,9.243283582089552,0.0,-3.1224730105271936,86.71748318108547
2025-01-01,beans,Beans,2.5 KG,NGN,67,3599.0511940298506,3470.98,9.25820895522388,0.0,-2.7978188078403687,62.18450849342461
2025-02-01,beans,Beans,2.5 KG,NGN,67,3413.885671641791,3302.18,9.259701492537314,0.0,-5.144842693408047,36.33020123411639
2025-03-01,beans,Beans,2.5 KG,NGN,67,3133.7840298507463,3100.38,9.249253731343282,0.0,-8.204775107666073,11.629971686253594
2025-04-01,beans,Beans,2.5 KG,NGN,67,3055.977014925373,3033.41,9.241791044776118,0.0,-2.48284547321147,1.3022768049922417
2025-05-01,beans,Beans,2.5 KG,NGN,67,2993.3952238805973,3035.11,9.26268656716418,0.0,-2.047848879069669,-12.608286734872786
2025-06-01,beans,Beans,2.5 KG,NGN,67,2883.9692537313435,2912.01,9.26865671641791,0.0,-3.655580435095218,-32.134885793464086
2025-07-01,beans,Beans,2.5 KG,NGN,67,2687.162985074627,2610.73,9.273134328358209,0.0,-6.824145867785658,-35.7251990425892
2025-08-01,beans,Beans,2.5 KG,NGN,67,2513.4801492537317,2475.0,9.261194029850746,0.0,-6.46342766648641,-41.93288878578299
2025-09-01,beans,Beans,2.5 KG,NGN,67,2395.767313432836,2330.89,9.270149253731343,0.0,-4.683261009872918,-46.09908775400432
2025-10-01,beans,Beans,2.5 KG,NGN,67,2216.551940298508,2077.72,9.308955223880597,0.0,-7.480499968819387,-44.45257677704536
2025-11-01,beans,Beans,2.5 KG,NGN,67,2098.6614925373137,2000.0,9.328358208955224,0.0,-5.318641337379059,-45.089749606157206
2025-12-01,beans,Beans,2.5 KG,NGN,67,1902.8783582089552,1875.63,9.277611940298508,0.0,-9.328952526386413,-48.607586558344465
2026-01-01,beans,Beans,2.5 KG,NGN,67,1800.5941791044777,1711.08,9.249253731343282,0.0,-5.375234768067383,-49.9703093389912
2026-02-01,beans,Beans,2.5 KG,NGN,67,2051.25223880597,2037.93,9.249253731343282,0.0,13.920852494711312,-39.914442482794364
2026-03-01,beans,Beans,2.5 KG,NGN,67,2255.9488059701494,2303.09,9.26268656716418,0.0,9.979102681361729,-28.011988558203416
2026-04-01,beans,Beans,2.5 KG,NGN,67,2244.3707462686566,2230.0,9.267164179104478,0.0,-0.5132235124685747,-26.557996499739247
2026-05-01,beans,Beans,2.5 KG,NGN,67,2339.6128358208953,2300.0,9.256716417910447,0.0,4.243598777545188,-21.84083086803844
2026-06-01,beans,Beans,2.5 KG,NGN,67,2512.6301492537314,2550.0,9.234328358208954,0.0,7.3951258423546,-12.87597307069641
2026-07-01,beans,Beans,2.5 KG,NGN,67,2535.752985074627,2544.99,9.229850746268657,0.0,0.9202642031403974,-5.634567044908723
2026-08-01,beans,Beans,2.5 KG,NGN,67,2559.1671641791045,2573.08,9.214925373134328,0.0,0.9233619852679897,1.817679560307539
2007-01-01,gari_fao,Gari (FAO series),1 Kg,NGN,67,39.24388059701493,37.82,8.517910447761194,0.0,,
2007-02-01,gari_fao,Gari (FAO series),1 Kg,NGN,67,39.480746268656716,38.04,8.517910447761194,0.0,0.6035735203510972,
2007-03-01,gari_fao,Gari (FAO series),1 Kg,NGN,67,37.342835820895516,36.03,8.517910447761194,0.0,-5.415071015155714,
2007-04-01,gari_fao,Gari (FAO series),1 Kg,NGN,67,41.25044776119403,40.31,8.517910447761194,0.0,10.464154246453816,
2007-05-01,gari_fao,Gari (FAO series),1 Kg,NGN,67,42.0079104477612,41.05,8.517910447761194,0.0,1.8362532473641169,
2007-06-01,gari_fao,Gari (FAO series),1 Kg,NGN,67,44.35059701492537,43.58,8.517910447761194,0.0,5.576774807871998,
2007-07-01,gari_fao,Gari (FAO series),1 Kg,NGN,67,38.85746268656716,37.5,8.517910447761194,0.0,-12.385705487819243,
2007-08-01,gari_fao,Gari (FAO series),1 Kg,NGN,67,40.23014925373135,39.12,8.517910447761194,0.0,3.532620177072743,
2007-09-01,gari_fao,Gari (FAO series),1 Kg,NGN,67,40.19223880597015,38.88,8.517910447761194,0.0,-0.09423392272819298,
2007-10-01,gari_fao,Gari (FAO series),1 Kg,NGN,67,42.08328358208955,41.1,8.517910447761194,0.0,4.704999851460134,
2007-11-01,gari_fao,Gari (FAO series),1 Kg,NGN,67,39.01731343283582,37.56,8.517910447761194,0.0,-7.285482234942786,
2007-12-01,gari_fao,Gari (FAO series),1 Kg,NGN,67,38.68611940298507,37.18,8.517910447761194,0.0,-0.8488386326774289,
2008-01-01,gari_fao,Gari (FAO series),1 Kg,NGN,67,42.804626865671636,41.86,8.517910447761194,0.0,10.64595655042304,9.073379631390367
2008-02-01,gari_fao,Gari (FAO series),1 Kg,NGN,67,43.11925373134328,41.95,8.517910447761194,0.0,0.7350300392969134,9.215903463241082
2008-03-01,gari_fao,Gari (FAO series),1 Kg,NGN,67,42.69373134328358,41.52,8.517910447761194,0.0,-0.986850075631962,14.329108662374068
2008-04-01,gari_fao,Gari (FAO series),1 Kg,NGN,67,48.711194029850745,47.5,8.517910447761194,0.0,14.094487638438302,18.08646129576159
2008-05-01,gari_fao,Gari (FAO series),1 Kg,NGN,67,55.99029850746268,54.3,8.517910447761194,0.0,14.943391601427836,33.28513108760609
2008-06-01,gari_fao,Gari (FAO series),1 Kg,NGN,67,57.255223880597015,55.25,8.517910447761194,0.0,2.2591866927905935,29.096850401650354
2008-07-01,gari_fao,Gari (FAO series),1 Kg,NGN,67,55.247313432835824,53.23,8.517910447761194,0.0,-3.506947159875906,42.17941577522137
2008-08-01,gari_fao,Gari (FAO series),1 Kg,NGN,67,55.58805970149254,53.0,8.517910447761194,0.0,0.61676531849999,38.17512669639609
2008-09-01,gari_fao,Gari (FAO series),1 Kg,NGN,67,58.000149253731344,56.32,8.517910447761194,0.0,4.339222425088596,44.30683877484329
2008-10-01,gari_fao,Gari (FAO series),1 Kg,NGN,67,56.13388059701492,54.4,8.517910447761194,0.0,-3.217696300318329,33.38759673426539
2008-11-01,gari_fao,Gari (FAO series),1 Kg,NGN,67,56.8820895522388,55.88,8.517910447761194,0.0,1.332900820798888,45.786791933164
2008-12-01,gari_fao,Gari (FAO series),1 Kg,NGN,67,58.45119402985075,57.44,8.517910447761194,0.0,2.758521161869276,51.09086910728136
2009-01-01,gari_fao,Gari (FAO series),1 Kg,NGN,67,62.27835820895522,60.47,8.517910447761194,0.0,6.547623607397912,45.494454149537475
2009-02-01,gari_fao,Gari (FAO series),1 Kg,NGN,67,59.82626865671642,58.07,8.517910447761194,0.0,-3.9373060285429973,38.74606696457934
2009-03-01,gari_fao,Gari (FAO series),1 Kg,NGN,67,70.1565671641791,68.39,8.517910447761194,0.0,17.26716163218871,64.32521814520638
2009-04-01,gari_fao,Gari (FAO series),1 Kg,NGN,67,72.70388059701493,70.34,8.517910447761194,0.0,3.6308980553091397,49.25497525776357
2009-05-01,gari_fao,Gari (FAO series),1 Kg,NGN,67,81.03119402985075,78.59,8.519402985074626,0.0,11.453739971587872,44.72363282551617
2009-06-01,gari_fao,Gari (FAO series),1 Kg,NGN,67,76.47985074626865,73.85,8.519402985074626,0.0,-5.616779239246372,33.57707046218816
2009-07-01,gari_fao,Gari (FAO series),1 Kg,NGN,67,75.36880597014925,71.71,8.52089552238806,0.0,-1.452728745255305,36.42076200098876
2009-08-01,gari_fao,Gari (FAO series),1 Kg,NGN,67,75.4731343283582,73.11,8.522388059701493,0.0,0.1384237906731256,35.77220491891309
2009-09-01,gari_fao,Gari (FAO series),1 Kg,NGN,67,76.0407462686567,74.15,8.522388059701493,0.0,0.7520715090869601,31.104397569743746
2009-10-01,gari_fao,Gari (FAO series),1 Kg,NGN,67,76.45432835820895,74.16,8.522388059701493,0.0,0.5438953585371609,36.19996968867074
2009-11-01,gari_fao,Gari (FAO series),1 Kg,NGN,67,75.71970149253731,74.49,8.522388059701493,0.0,-0.9608702102904099,33.11694786282175
2009-12-01,gari_fao,Gari (FAO series),1 Kg,NGN,67,78.65701492537315,76.05,8.523880597014927,0.0,3.8791930962978283,34.56870510669703
2010-01-01,gari_fao,Gari (FAO series),1 Kg,NGN,67,77.01059701492538,74.37,8.525373134328358,0.0,-2.093160936770644,23.65547074401162
2010-02-01,gari_fao,Gari (FAO series),1 Kg,NGN,67,75.48940298507462,73.3,8.52686567164179,0.0,-1.975304813642642,26.181031643864294
2010-03-01,gari_fao,Gari (FAO series),1 Kg,NGN,67,76.5989552238806,74.18,8.52686567164179,0.0,1.469811913899166,9.182872423938804
2010-04-01,gari_fao,Gari (FAO series),1 Kg,NGN,67,81.55417910447761,78.69,8.529850746268657,0.0,6.469048913414133,12.173075817669709
2010-05-01,gari_fao,Gari (FAO series),1 Kg,NGN,67,81.61925373134328,78.86,8.529850746268657,0.0,0.0797931235164473,0.7257201483121367
2010-06-01,gari_fao,Gari (FAO series),1 Kg,NGN,67,79.33059701492537,77.38,8.529850746268657,0.0,-2.8040647418208553,3.7274474790941037
2010-07-01,gari_fao,Gari (FAO series),1 Kg,NGN,67,72.67164179104478,71.44,8.529850746268657,0.0,-8.393930556992746,-3.578621346572375
2010-08-01,gari_fao,Gari (FAO series),1 Kg,NGN,67,70.84014925373134,69.5,8.529850746268657,0.0,-2.5202300266995326,-6.1385884074594
2010-09-01,gari_fao,Gari (FAO series),1 Kg,NGN,67,72.25776119402985,70.33,8.531343283582089,0.0,2.0011419445503886,-4.974944697756289
2010-10-01,gari_fao,Gari (FAO series),1 Kg,NGN,67,67.30895522388059,66.27,8.532835820895523,0.0,-6.848822726268122,-11.961877542733557
2010-11-01,gari_fao,Gari (FAO series),1 Kg,NGN,67,67.21119402985074,66.25,8.535820895522388,0.0,-0.14524247732663476,-11.236847603691535
2010-12-01,gari_fao,Gari (FAO series),1 Kg,NGN,67,70.17955223880597,69.11,8.537313432835822,0.0,4.416464030734035,-10.77775795917285
2011-01-01,gari_fao,Gari (FAO series),1 Kg,NGN,67,69.17417910447762,67.96,8.537313432835822,0.0,-1.4325727398591614,-10.1757656922579
2011-02-01,gari_fao,Gari (FAO series),1 Kg,NGN,67,68.77402985074626,67.56,8.537313432835822,0.0,-0.578466212265405,-8.895782545340946
2011-03-01,gari_fao,Gari (FAO series),1 Kg,NGN,67,69.25761194029852,68.61,8.538805970149253,0.0,0.703146362953766,-9.584129786268058
2011-04-01,gari_fao,Gari (FAO series),1 Kg,NGN,67,65.93567164179103,65.29,8.540298507462687,0.0,-4.796498472068411,-19.151081690955397
2011-05-01,gari_fao,Gari (FAO series),1 Kg,NGN,67,66.63626865671642,65.87,8.540298507462687,0.0,1.0625462628659266,-18.357169895163004
2011-06-01,gari_fao,Gari (FAO series),1 Kg,NGN,67,66.54089552238806,64.97,8.540298507462687,0.0,-0.14312496220293403,-16.122028541057176
2011-07-01,gari_fao,Gari (FAO series),1 Kg,NGN,67,66.65582089552238,65.3,8.541791044776119,0.0,0.17271389606661192,-8.278085849250372
2011-08-01,gari_fao,Gari (FAO series),1 Kg,NGN,67,63.72402985074627,61.85,8.541791044776119,0.0,-4.398402128107392,-10.045319607525027
2011-09-01,gari_fao,Gari (FAO series),1 Kg,NGN,67,61.21134328358209,59.68,8.541791044776119,0.0,-3.9430754348859787,-15.287517531556805
2011-10-01,gari_fao,Gari (FAO series),1 Kg,NGN,67,69.08641791044776,67.4,8.541791044776119,0.0,12.865384427820437,2.6407521564627556
2011-11-01,gari_fao,Gari (FAO series),1 Kg,NGN,67,72.64462686567164,71.3,8.541791044776119,0.0,5.150374071841668,8.084118894551583
2011-12-01,gari_fao,Gari (FAO series),1 Kg,NGN,67,72.9934328358209,70.76,8.538805970149253,0.0,0.48015384646993287,4.009544813623056
2012-01-01,gari_fao,Gari (FAO series),1 Kg,NGN,67,74.04731343283582,72.78,8.537313432835822,0.0,1.4438019367925214,7.044730261269949
2012-02-01,gari_fao,Gari (FAO series),1 Kg,NGN,67,74.4420895522388,72.69,8.537313432835822,0.0,0.5331403680986391,8.24156983936144
2012-03-01,gari_fao,Gari (FAO series),1 Kg,NGN,67,74.02970149253731,72.13,8.535820895522388,0.0,-0.5539716337651934,6.890346661609459
2012-04-01,gari_fao,Gari (FAO series),1 Kg,NGN,67,80.97223880597015,74.38,8.537313432835822,0.0,9.37804310089334,22.80490482582529
2012-05-01,gari_fao,Gari (FAO series),1 Kg,NGN,67,80.12388059701493,74.58,8.540298507462687,0.0,-1.047714897680052,20.240647041300175
2012-06-01,gari_fao,Gari (FAO series),1 Kg,NGN,67,77.17089552238805,74.14,8.544776119402986,0.0,-3.685524281429897,15.975138171116843
2012-07-01,gari_fao,Gari (FAO series),1 Kg,NGN,67,75.86970149253732,72.26,8.546268656716418,0.0,-1.6861201636221068,13.823069723283353
2012-08-01,gari_fao,Gari (FAO series),1 Kg,NGN,67,77.65746268656717,73.68,8.549253731343283,0.0,2.3563572267457866,21.865272595684292
2012-09-01,gari_fao,Gari (FAO series),1 Kg,NGN,67,75.02283582089552,69.92,8.552238805970148,0.0,-3.392625479286193,22.56361614762652
2012-10-01,gari_fao,Gari (FAO series),1 Kg,NGN,67,73.1834328358209,67.95,8.553731343283582,0.0,-2.451790798025677,5.930275514767347
2012-11-01,gari_fao,Gari (FAO series),1 Kg,NGN,67,75.84850746268657,71.04,8.556716417910447,0.0,3.641636533837489,4.410347654396074
2012-12-01,gari_fao,Gari (FAO series),1 Kg,NGN,67,74.30194029850747,69.17,8.558208955223881,0.0,-2.039021222586246,1.7926372439966087
2013-01-01,gari_fao,Gari (FAO series),1 Kg,NGN,67,81.81910447761194,75.59,8.561194029850746,0.0,10.11704963410689,10.495709681385645
2013-02-01,gari_fao,Gari (FAO series),1 Kg,NGN,67,95.55701492537312,92.53,8.564179104477612,0.0,16.79059008953132,28.36422983306668
2013-03-01,gari_fao,Gari (FAO series),1 Kg,NGN,67,100.59731343283583,96.83,8.570149253731344,0.0,5.2746504392158,35.88777396728624
2013-04-01,gari_fao,Gari (FAO series),1 Kg,NGN,67,109.95149253731343,105.98,8.570149253731344,0.0,9.298637096032337,35.78912249269142
2013-05-01,gari_fao,Gari (FAO series),1 Kg,NGN,67,105.4579104477612,99.77,8.570149253731344,0.0,-4.086876845284548,31.618575712981745
2013-06-01,gari_fao,Gari (FAO series),1 Kg,NGN,67,109.2179104477612,103.47,8.570149253731344,0.0,3.565403471428086,41.52733321084241
2013-07-01,gari_fao,Gari (FAO series),1 Kg,NGN,67,117.7010447761194,112.95,8.56865671641791,0.0,7.767164097518298,55.13576890466177
2013-08-01,gari_fao,Gari (FAO series),1 Kg,NGN,67,122.37298507462687,115.85,8.56865671641791,0.0,3.9693278062178816,57.58045761620587
2013-09-01,gari_fao,Gari (FAO series),1 Kg,NGN,67,121.0620895522388,115.97,8.567164179104477,0.0,-1.0712295050975817,61.36698676820789
2013-10-01,gari_fao,Gari (FAO series),1 Kg,NGN,67,125.19999999999999,119.91,8.567164179104477,0.0,3.418006795575468,71.07697076860637
2013-11-01,gari_fao,Gari (FAO series),1 Kg,NGN,67,113.98671641791044,110.29,8.565671641791045,0.0,-8.95629679080635,50.28208231254365
2013-12-01,gari_fao,Gari (FAO series),1 Kg,NGN,67,110.45179104477613,106.98,8.565671641791045,0.0,-3.101173087725584,48.652633566548744
2014-01-01,gari_fao,Gari (FAO series),1 Kg,NGN,67,103.36805970149254,101.02,8.564179104477612,0.0,-6.413414645681847,26.337314935751976
2014-02-01,gari_fao,Gari (FAO series),1 Kg,NGN,67,99.67119402985075,96.5,8.564179104477612,0.0,-3.57641004611835,4.305470516937637
2014-03-01,gari_fao,Gari (FAO series),1 Kg,NGN,67,102.31134328358209,99.74,8.564179104477612,0.0,2.6488588598031937,1.7038525108233893
2014-04-01,gari_fao,Gari (FAO series),1 Kg,NGN,67,100.87402985074627,98.65,8.564179104477612,0.0,-1.4048426955473925,-8.25587945837717
2014-05-01,gari_fao,Gari (FAO series),1 Kg,NGN,67,100.80029850746268,97.77,8.558208955223881,0.0,-0.07309249307544397,-4.416560048006701
2014-06-01,gari_fao,Gari (FAO series),1 Kg,NGN,67,98.67910447761194,94.6,8.556716417910447,0.0,-2.1043529248018,-9.649338580955503
2014-07-01,gari_fao,Gari (FAO series),1 Kg,NGN,67,100.82298507462687,94.74,8.559701492537313,0.0,2.1725780836421515,-14.339770503818805
2014-08-01,gari_fao,Gari (FAO series),1 Kg,NGN,67,96.45417910447762,90.55,8.56268656716418,0.0,-4.333144834896096,-21.180169752615864
2014-09-01,gari_fao,Gari (FAO series),1 Kg,NGN,67,90.77,85.54,8.565671641791045,0.0,-5.8931392680462436,-25.021945073207775
2014-10-01,gari_fao,Gari (FAO series),1 Kg,NGN,67,89.68880597014925,84.7,8.574626865671641,0.0,-1.1911358707180186,-28.36357350627057
2014-11-01,gari_fao,Gari (FAO series),1 Kg,NGN,67,86.30328358208955,81.33,8.577611940298508,0.0,-3.7747435161378906,-24.286542946219182
2014-12-01,gari_fao,Gari (FAO series),1 Kg,NGN,67,86.03985074626866,80.05,8.586567164179105,0.0,-0.30524080299948464,-22.10189628216268
2015-01-01,gari_fao,Gari (FAO series),1 Kg,NGN,67,80.61522388059701,76.03,8.588059701492536,0.0,-6.304784142023745,-22.011476162560683
2015-02-01,gari_fao,Gari (FAO series),1 Kg,NGN,67,77.04865671641791,74.2,8.594029850746267,0.0,-4.424185646946432,-22.697166953430468
2015-03-01,gari_fao,Gari (FAO series),1 Kg,NGN,67,78.26716417910447,74.43,8.5955223880597,0.0,1.5814778798433071,-23.500990538099988
2015-04-01,gari_fao,Gari (FAO series),1 Kg,NGN,67,73.24955223880598,67.74,8.600000000000001,0.0,-6.4108774004080775,-27.38512345825146
2015-05-01,gari_fao,Gari (FAO series),1 Kg,NGN,67,71.64925373134328,64.48,8.608955223880596,0.0,-2.184721214739238,-28.919601635863433
2015-06-01,gari_fao,Gari (FAO series),1 Kg,NGN,67,75.76223880597014,69.45,8.619402985074627,0.0,5.740443703780862,-23.223625501020962
2015-07-01,gari_fao,Gari (FAO series),1 Kg,NGN,67,73.85149253731343,66.45,8.619402985074627,0.0,-2.522029838043993,-26.751333058974357
2015-08-01,gari_fao,Gari (FAO series),1 Kg,NGN,67,74.2820895522388,67.38,8.622388059701493,0.0,0.5830579723325346,-22.987173555458252
2015-09-01,gari_fao,Gari (FAO series),1 Kg,NGN,67,73.0220895522388,66.52,8.622388059701493,0.0,-1.6962366131527684,-19.552616996542028
2015-10-01,gari_fao,Gari (FAO series),1 Kg,NGN,67,73.40850746268657,67.42,8.623880597014924,0.0,0.5291794754398893,-18.151984889709848
2015-11-01,gari_fao,Gari (FAO series),1 Kg,NGN,67,73.36716417910448,66.95,8.625373134328358,0.0,-0.056319471694898926,-14.989139307406019
2015-12-01,gari_fao,Gari (FAO series),1 Kg,NGN,67,75.00537313432835,68.44,8.628358208955225,0.0,2.2328912035153303,-12.824845134240126
2016-01-01,gari_fao,Gari (FAO series),1 Kg,NGN,67,88.7076119402985,82.17,8.634328358208956,0.0,18.26834296448414,10.038287646124399
2016-02-01,gari_fao,Gari (FAO series),1 Kg,NGN,67,107.01373134328358,100.63,8.632835820895522,0.0,20.636469636117983,38.89110583349154
2016-03-01,gari_fao,Gari (FAO series),1 Kg,NGN,67,134.63671641791043,132.61,8.631343283582089,0.0,25.812561367490837,72.02196838231087
2016-04-01,gari_fao,Gari (FAO series),1 Kg,NGN,67,153.35014925373133,154.53,8.631343283582089,0.0,13.899204714510915,109.35301932465582
2016-05-01,gari_fao,Gari (FAO series),1 Kg,NGN,67,181.51328358208954,183.19,8.631343283582089,0.0,18.3652474193291,153.3359025101552
2016-06-01,gari_fao,Gari (FAO series),1 Kg,NGN,67,194.04089552238807,199.57,8.670149253731344,0.0,6.901760407321866,156.11821743986985
2016-07-01,gari_fao,Gari (FAO series),1 Kg,NGN,67,172.62940298507462,174.5,8.695522388059702,0.0,-11.03452572699709,133.75208415436384
2016-08-01,gari_fao,Gari (FAO series),1 Kg,NGN,67,178.37313432835822,178.17,8.714925373134328,0.0,3.327203387119515,140.12939781791883
2016-09-01,gari_fao,Gari (FAO series),1 Kg,NGN,67,187.19104477611938,193.67,8.72537313432836,0.0,4.943519370763938,156.34851854274316
2016-10-01,gari_fao,Gari (FAO series),1 Kg,NGN,67,197.09880597014927,203.98,8.732835820895522,0.0,5.292860673906485,168.49586346696162
2016-11-01,gari_fao,Gari (FAO series),1 Kg,NGN,67,223.3026865671642,233.67,8.744776119402985,0.0,13.294794186111659,204.36325168850195
2016-12-01,gari_fao,Gari (FAO series),1 Kg,NGN,67,219.28059701492535,230.27,8.804477611940298,0.0,-1.8011827864995666,192.35318464746803
2017-01-01,gari_fao,Gari (FAO series),1 Kg,NGN,67,259.1659701492537,271.38,8.813432835820896,0.0,18.189193972147734,192.15753246032162
2017-02-01,gari_fao,Gari (FAO series),1 Kg,NGN,67,272.845223880597,281.39,8.855223880597014,0.0,5.278182827577793,154.9628168794073
2017-03-01,gari_fao,Gari (FAO series),1 Kg,NGN,67,283.3546268656716,288.6,8.892537313432834,0.0,3.8517819134241904,110.45865823565015
2017-04-01,gari_fao,Gari (FAO series),1 Kg,NGN,67,307.72253731343284,314.0,8.922388059701492,0.0,8.599792675809459,100.6666043762884
2017-05-01,gari_fao,Gari (FAO series),1 Kg,NGN,67,315.4665671641791,321.27,8.93134328358209,0.0,2.51656245862113,73.79806091244502
2017-06-01,gari_fao,Gari (FAO series),1 Kg,NGN,67,335.4007462686567,346.15,8.947761194029852,0.0,6.318951413353169,72.85054543049085
2017-07-01,gari_fao,Gari (FAO series),1 Kg,NGN,67,325.8126865671642,337.74,8.956716417910448,0.0,-2.858687646989444,88.73533762688946
2017-08-01,gari_fao,Gari (FAO series),1 Kg,NGN,67,301.38044776119403,310.08,8.980597014925374,0.0,-7.498860484345682,68.96067274705044
2017-09-01,gari_fao,Gari (FAO series),1 Kg,NGN,67,300.17238805970146,313.99,8.997014925373133,0.0,-0.4008420952542391,60.3561689709611
2017-10-01,gari_fao,Gari (FAO series),1 Kg,NGN,67,276.8838805970149,285.78,9.019402985074626,0.0,-7.758377648664561,40.47973514306786
2017-11-01,gari_fao,Gari (FAO series),1 Kg,NGN,67,250.4113432835821,261.33,9.029850746268657,0.0,-9.56088063210936,12.13987038542157
2017-12-01,gari_fao,Gari (FAO series),1 Kg,NGN,67,242.28776119402983,253.4,9.035820895522388,0.0,-3.24409508891641,10.492111245728907
2018-01-01,gari_fao,Gari (FAO series),1 Kg,NGN,67,234.21074626865672,247.26,9.041791044776119,0.0,-3.333645449348488,-9.62905116988364
2018-02-01,gari_fao,Gari (FAO series),1 Kg,NGN,67,230.5037313432836,245.12,9.041791044776119,0.0,-1.5827689311578075,-15.51850237108896
2018-03-01,gari_fao,Gari (FAO series),1 Kg,NGN,67,220.7368656716418,233.43,9.044776119402986,0.0,-4.237183326588423,-22.098725504035855
2018-04-01,gari_fao,Gari (FAO series),1 Kg,NGN,67,218.0810447761194,227.96,9.046268656716418,0.0,-1.2031614598863927,-29.130623099603692
2018-05-01,gari_fao,Gari (FAO series),1 Kg,NGN,67,230.46582089552237,241.09,9.046268656716418,0.0,5.678978717346617,-26.944454695390764
2018-06-01,gari_fao,Gari (FAO series),1 Kg,NGN,67,226.50626865671643,236.75,9.041791044776119,0.0,-1.718064840773481,-32.46697534915906
2018-07-01,gari_fao,Gari (FAO series),1 Kg,NGN,67,222.11970149253733,231.68,9.043283582089552,0.0,-1.9366206463924396,-31.82595072253308
2018-08-01,gari_fao,Gari (FAO series),1 Kg,NGN,67,216.04089552238807,222.72,9.043283582089552,0.0,-2.73672525638321,-28.316220535456495
2018-09-01,gari_fao,Gari (FAO series),1 Kg,NGN,67,200.64134328358207,201.23,9.043283582089552,0.0,-7.128072766764737,-33.15796146990162
2018-10-01,gari_fao,Gari (FAO series),1 Kg,NGN,67,194.24223880597015,196.14,9.043283582089552,0.0,-3.189324978036845,-29.84703970951775
2018-11-01,gari_fao,Gari (FAO series),1 Kg,NGN,67,199.17970149253733,205.61,9.046268656716418,0.0,2.5419098940160145,-20.45899403727359
2018-12-01,gari_fao,Gari (FAO series),1 Kg,NGN,67,189.4723880597015,196.45,9.047761194029851,0.0,-4.873645938865678,-21.798613712077895
2019-01-01,gari_fao,Gari (FAO series),1 Kg,NGN,67,188.56805970149253,195.08,9.046268656716418,0.0,-0.4772876763045941,-19.487870345115898
2019-02-01,gari_fao,Gari (FAO series),1 Kg,NGN,67,188.18776119402986,194.9,9.050746268656717,0.0,-0.2016770539319812,-18.35804127883448
2019-03-01,gari_fao,Gari (FAO series),1 Kg,NGN,67,185.06820895522387,191.83,9.056716417910447,0.0,-1.6576807221749146,-16.158903320425424
2019-04-01,gari_fao,Gari (FAO series),1 Kg,NGN,67,181.79791044776118,186.81,9.058208955223881,0.0,-1.7670774067165218,-16.637454376471027
2019-05-01,gari_fao,Gari (FAO series),1 Kg,NGN,67,183.07328358208954,189.17,9.064179104477612,0.0,0.7015334396238027,-20.563802966218315
2019-06-01,gari_fao,Gari (FAO series),1 Kg,NGN,67,174.07895522388057,180.79,9.06865671641791,0.0,-4.912966098724036,-23.146076152220108
2019-07-01,gari_fao,Gari (FAO series),1 Kg,NGN,67,176.34895522388058,185.6,9.06268656716418,0.0,1.3040059880188304,-20.606342418569533
2019-08-01,gari_fao,Gari (FAO series),1 Kg,NGN,67,176.3741791044776,185.87,9.06865671641791,0.0,0.014303391003944732,-18.360744303524633
2019-09-01,gari_fao,Gari (FAO series),1 Kg,NGN,67,173.21402985074627,181.91,9.074626865671641,0.0,-1.7917300989162221,-13.66982147546263
2019-10-01,gari_fao,Gari (FAO series),1 Kg,NGN,67,173.3741791044776,178.69,9.074626865671641,0.0,0.09245743769676906,-10.743317122872432
2019-11-01,gari_fao,Gari (FAO series),1 Kg,NGN,67,174.84164179104476,180.41,9.074626865671641,0.0,0.8464136321492566,-12.219146589294617
2019-12-01,gari_fao,Gari (FAO series),1 Kg,NGN,67,174.16567164179105,181.6,9.074626865671641,0.0,-0.3866185093717944,-8.078600040174411
2020-01-01,gari_fao,Gari (FAO series),1 Kg,NGN,67,174.69432835820896,178.21,9.080597014925372,0.0,0.3035366909187598,-7.357413214754393
2020-02-01,gari_fao,Gari (FAO series),1 Kg,NGN,67,177.05761194029853,183.88,9.080597014925372,0.0,1.3528107090252428,-5.914385283671908
2020-03-01,gari_fao,Gari (FAO series),1 Kg,NGN,67,183.18835820895524,184.04,9.076119402985075,0.0,3.4625714203825986,-1.0157610304228126
2020-04-01,gari_fao,Gari (FAO series),1 Kg,NGN,67,221.50761194029852,225.43,9.061194029850746,0.0,20.917952486715418,21.84277112687043
2020-05-01,gari_fao,Gari (FAO series),1 Kg,NGN,67,239.15776119402986,249.65,9.065671641791045,0.0,7.968190844154144,30.634987538633517
2020-06-01,gari_fao,Gari (FAO series),1 Kg,NGN,67,256.01522388059703,261.18,9.070149253731344,0.0,7.04867891487353,47.068451526113165
2020-07-01,gari_fao,Gari (FAO series),1 Kg,NGN,67,262.6728358208955,265.66,9.067164179104477,0.0,2.6004750183932446,48.95060505883011
2020-08-01,gari_fao,Gari (FAO series),1 Kg,NGN,67,287.0525373134328,293.92,9.067164179104477,0.0,9.28139425469967,62.75201890147051
2020-09-01,gari_fao,Gari (FAO series),1 Kg,NGN,67,293.1944776119403,302.25,9.067164179104477,0.0,2.139657205608003,69.26716494303481
2020-10-01,gari_fao,Gari (FAO series),1 Kg,NGN,67,294.2722388059702,306.4,9.067164179104477,0.0,0.36759259683478707,69.73244823765698
2020-11-01,gari_fao,Gari (FAO series),1 Kg,NGN,67,294.01940298507463,300.3,9.067164179104477,0.0,-0.08591901904217991,68.1632590344013
2020-12-01,gari_fao,Gari (FAO series),1 Kg,NGN,67,293.2067164179104,299.29,9.067164179104477,0.0,-0.27640576061079836,68.34931571415102
2021-01-01,gari_fao,Gari (FAO series),1 Kg,NGN,67,294.1165671641791,300.1,9.067164179104477,0.0,0.3103103357877668,68.36068459022668
2021-02-01,gari_fao,Gari (FAO series),1 Kg,NGN,67,316.12059701492535,327.2,9.067164179104477,0.0,7.481397618265873,78.54109380031456
2021-03-01,gari_fao,Gari (FAO series),1 Kg,NGN,67,326.74955223880596,331.39,9.085074626865673,0.0,3.3623102462313703,78.36807722578993
2021-04-01,gari_fao,Gari (FAO series),1 Kg,NGN,67,337.93626865671644,347.14,9.085074626865673,0.0,3.4236363420429905,52.561921324761585
2021-05-01,gari_fao,Gari (FAO series),1 Kg,NGN,67,342.46611940298504,357.55,9.086567164179105,0.0,1.3404452751622609,43.19674080120721
2021-06-01,gari_fao,Gari (FAO series),1 Kg,NGN,67,365.2689552238806,380.55,9.086567164179105,0.0,6.658420944135246,42.674701014748415
2021-07-01,gari_fao,Gari (FAO series),1 Kg,NGN,67,367.6092537313433,376.81,9.091044776119404,0.0,0.6407055606541423,39.949474631628505
2021-08-01,gari_fao,Gari (FAO series),1 Kg,NGN,67,344.3289552238806,354.42,9.08955223880597,0.0,-6.332892404410595,19.95328745271032
2021-09-01,gari_fao,Gari (FAO series),1 Kg,NGN,67,334.67328358208954,348.91,9.08955223880597,0.0,-2.8041997326402557,14.147198919977221
2021-10-01,gari_fao,Gari (FAO series),1 Kg,NGN,67,336.57253731343286,353.73,9.088059701492536,0.0,0.5674948747073971,14.374546059492065
2021-11-01,gari_fao,Gari (FAO series),1 Kg,NGN,67,325.3725373134328,338.73,9.085074626865673,0.0,-3.3276630616983605,10.663627641591322
2021-12-01,gari_fao,Gari (FAO series),1 Kg,NGN,67,328.16910447761194,342.1,9.094029850746267,0.0,0.8594969899027305,11.924142968767914
2022-01-01,gari_fao,Gari (FAO series),1 Kg,NGN,67,340.6310447761194,349.94,9.094029850746267,0.0,3.7974142381089315,15.814980455002846
2022-02-01,gari_fao,Gari (FAO series),1 Kg,NGN,67,341.9711940298507,348.39,9.092537313432837,0.0,0.3934313311378279,8.177447866108146
2022-03-01,gari_fao,Gari (FAO series),1 Kg,NGN,67,341.2897014925373,349.17,9.086567164179105,0.0,-0.1992836090322747,4.449937009586047
2022-04-01,gari_fao,Gari (FAO series),1 Kg,NGN,67,335.78671641791044,342.72,9.077611940298508,0.0,-1.612408769019702,-0.6360821368331937
2022-05-01,gari_fao,Gari (FAO series),1 Kg,NGN,67,346.6471641791045,352.37,9.065671641791045,0.0,3.234329182836837,1.220863769942615
2022-06-01,gari_fao,Gari (FAO series),1 Kg,NGN,67,357.9389552238806,363.95,9.065671641791045,0.0,3.2574306706117717,-2.0067404840105496
2022-07-01,gari_fao,Gari (FAO series),1 Kg,NGN,67,359.13417910447765,366.0,9.041791044776119,0.0,0.33391835762872635,-2.3054573683445434
2022-08-01,gari_fao,Gari (FAO series),1 Kg,NGN,67,347.7510447761194,353.71,9.019402985074626,0.0,-3.169604841494833,0.993843096934377
2022-09-01,gari_fao,Gari (FAO series),1 Kg,NGN,67,342.80791044776123,345.24,9.017910447761194,0.0,-1.4214577936179973,2.4306173407703247
2022-10-01,gari_fao,Gari (FAO series),1 Kg,NGN,67,324.27910447761195,325.0,8.99402985074627,0.0,-5.405011204656196,-3.652535924038469
2022-11-01,gari_fao,Gari (FAO series),1 Kg,NGN,67,325.9931343283582,323.07,8.970149253731343,0.0,0.5285662341727004,0.19073429492533212
2022-12-01,gari_fao,Gari (FAO series),1 Kg,NGN,67,325.48656716417906,321.96,8.944776119402984,0.0,-0.15539197327663068,-0.8174253081206451
2023-01-01,gari_fao,Gari (FAO series),1 Kg,NGN,67,325.67507462686564,325.79,8.940298507462687,0.0,0.05791558906069749,-4.390665612725819
2023-02-01,gari_fao,Gari (FAO series),1 Kg,NGN,67,328.0179104477612,325.54,8.93134328358209,0.0,0.7193783016952837,-4.080251151467317
2023-03-01,gari_fao,Gari (FAO series),1 Kg,NGN,67,362.6486567164179,367.72,8.926865671641792,0.0,10.557577853411715,6.2583063978998155
2023-04-01,gari_fao,Gari (FAO series),1 Kg,NGN,67,374.3071641791045,381.49,8.907462686567163,0.0,3.214821631561504,11.471700897558023
2023-05-01,gari_fao,Gari (FAO series),1 Kg,NGN,67,376.7259701492537,382.37,8.885074626865672,0.0,0.6462088363854646,8.677066792506128
2023-06-01,gari_fao,Gari (FAO series),1 Kg,NGN,67,411.57074626865676,416.02,8.961194029850747,0.0,9.249369271143703,14.983502148077466
2023-07-01,gari_fao,Gari (FAO series),1 Kg,NGN,67,476.1168656716418,484.04,9.043283582089552,0.0,15.682873476350512,32.57353194810568
2023-08-01,gari_fao,Gari (FAO series),1 Kg,NGN,67,461.1462686567164,457.87,9.086567164179105,0.0,-3.1443114273649764,32.60816195494118
2023-09-01,gari_fao,Gari (FAO series),1 Kg,NGN,67,461.3101492537313,459.29,9.12089552238806,0.0,0.03553766085806487,34.56811677746509
2023-10-01,gari_fao,Gari (FAO series),1 Kg,NGN,67,468.4744776119403,462.37,9.146268656716417,0.0,1.5530393965532463,44.46643991034074
2023-11-01,gari_fao,Gari (FAO series),1 Kg,NGN,67,462.6305970149254,448.95,9.156716417910447,0.0,-1.247427741806606,41.91421484016238
2023-12-01,gari_fao,Gari (FAO series),1 Kg,NGN,67,486.0240298507463,477.33,9.16865671641791,0.0,5.056611686897594,49.32230048240065
2024-01-01,gari_fao,Gari (FAO series),1 Kg,NGN,67,518.2331343283582,508.37,9.195522388059702,0.0,6.627060083326142,59.12582039694358
2024-02-01,gari_fao,Gari (FAO series),1 Kg,NGN,67,610.0601492537313,599.76,9.202985074626866,0.0,17.71924812263943,85.98379229383177
2024-03-01,gari_fao,Gari (FAO series),1 Kg,NGN,67,732.3371641791044,750.7,9.2044776119403,0.0,20.04343589315758,101.94123171722475
2024-04-01,gari_fao,Gari (FAO series),1 Kg,NGN,67,793.2105970149254,812.87,9.195522388059702,0.0,8.312214074791013,111.91435081252604
2024-05-01,gari_fao,Gari (FAO series),1 Kg,NGN,67,961.5586567164179,969.95,9.186567164179104,0.0,21.22362715967658,155.24087344853382
2024-06-01,gari_fao,Gari (FAO series),1 Kg,NGN,67,1139.3819402985075,1164.7,9.156716417910447,0.0,18.493233079438976,176.83744547644915
2024-07-01,gari_fao,Gari (FAO series),1 Kg,NGN,67,1103.4514925373135,1108.87,9.126865671641792,0.0,-3.153503359179155,131.76063947676212
2024-08-01,gari_fao,Gari (FAO series),1 Kg,NGN,67,1065.0555223880597,1054.75,9.11641791044776,0.0,-3.479624651280755,130.95828694233705
2024-09-01,gari_fao,Gari (FAO series),1 Kg,NGN,67,1058.2885074626865,1037.88,9.138805970149253,0.0,-0.6353673384275949,129.40932671320945
2024-10-01,gari_fao,Gari (FAO series),1 Kg,NGN,67,1060.2840298507463,1045.81,9.14776119402985,0.0,0.188561283051647,126.3269570747096
2024-11-01,gari_fao,Gari (FAO series),1 Kg,NGN,67,1028.829552238806,1000.97,9.16268656716418,0.0,-2.9666086375334855,122.3868371173932
2024-12-01,gari_fao,Gari (FAO series),1 Kg,NGN,67,959.8816417910448,919.71,9.2,0.0,-6.701587284086619,97.49674560038031
2025-01-01,gari_fao,Gari (FAO series),1 Kg,NGN,67,1004.9268656716418,973.41,9.208955223880597,0.0,4.692789393966024,93.9140512453048
2025-02-01,gari_fao,Gari (FAO series),1 Kg,NGN,67,1120.873432835821,1113.36,9.20597014925373,0.0,11.537811469164616,83.73162616947731
2025-03-01,gari_fao,Gari (FAO series),1 Kg,NGN,67,1175.2782089552238,1158.57,9.20597014925373,0.0,4.853784069246636,60.4832127115416
2025-04-01,gari_fao,Gari (FAO series),1 Kg,NGN,67,1168.339552238806,1161.68,9.213432835820894,0.0,-0.5903841884881134,47.29247902582194
2025-05-01,gari_fao,Gari (FAO series),1 Kg,NGN,67,1175.2046268656718,1169.21,9.238805970149254,0.0,0.5875924181211634,22.21871423619892
2025-06-01,gari_fao,Gari (FAO series),1 Kg,NGN,67,1122.198208955224,1121.12,9.243283582089552,0.0,-4.510399014665101,-1.5081625164939605
2025-07-01,gari_fao,Gari (FAO series),1 Kg,NGN,67,980.5416417910446,986.22,9.255223880597015,0.0,-12.623132529864112,-11.138672753402668
2025-08-01,gari_fao,Gari (FAO series),1 Kg,NGN,67,854.5001492537314,859.56,9.261194029850746,0.0,-12.854272288435142,-19.76942691797162
2025-09-01,gari_fao,Gari (FAO series),1 Kg,NGN,67,779.9438805970149,787.21,9.270149253731343,0.0,-8.725132315287409,-26.301393703407072
2025-10-01,gari_fao,Gari (FAO series),1 Kg,NGN,67,711.916119402985,720.24,9.291044776119403,0.0,-8.722135385171226,-32.85609333348162
2025-11-01,gari_fao,Gari (FAO series),1 Kg,NGN,67,616.0907462686567,608.95,9.313432835820896,0.0,-13.460205566729933,-40.11731633019292
2025-12-01,gari_fao,Gari (FAO series),1 Kg,NGN,67,606.4699999999999,601.29,9.2955223880597,0.0,-1.5615794145464323,-36.81825200152943
2026-01-01,gari_fao,Gari (FAO series),1 Kg,NGN,67,584.6025373134329,584.49,9.280597014925373,0.0,-3.605695695841016,-41.826359978672244
2026-02-01,gari_fao,Gari (FAO series),1 Kg,NGN,67,563.3555223880597,574.72,9.285074626865672,0.0,-3.634437685305769,-49.73959540081482
2026-03-01,gari_fao,Gari (FAO series),1 Kg,NGN,67,609.3898507462687,604.65,9.307462686567165,0.0,8.171452400620804,-48.14931085227961
2026-04-01,gari_fao,Gari (FAO series),1 Kg,NGN,67,617.360447761194,609.41,9.302985074626864,0.0,1.3079635319105387,-47.15915877552976
2026-05-01,gari_fao,Gari (FAO series),1 Kg,NGN,67,632.2014925373135,629.52,9.288059701492537,0.0,2.403951343164157,-46.204986086259225
2026-06-01,gari_fao,Gari (FAO series),1 Kg,NGN,67,647.6991044776119,648.27,9.265671641791045,0.0,2.4513722481260602,-42.28300318883726
2026-07-01,gari_fao,Gari (FAO series),1 Kg,NGN,67,680.6085074626865,684.7,9.244776119402985,0.0,5.080970894906045,-30.58851572897039
2026-08-01,gari_fao,Gari (FAO series),1 Kg,NGN,67,684.8464179104477,686.06,9.211940298507463,0.0,0.6226649242984328,-19.854148825070293
2007-01-01,maize_fao,Maize (FAO series),1 Kg,NGN,67,39.35865671641791,38.9,9.70597014925373,0.0,,
2007-02-01,maize_fao,Maize (FAO series),1 Kg,NGN,67,40.32417910447761,39.79,9.70597014925373,0.0,2.4531385687686313,
2007-03-01,maize_fao,Maize (FAO series),1 Kg,NGN,67,38.95014925373134,38.01,9.70597014925373,0.0,-3.407458952074971,
2007-04-01,maize_fao,Maize (FAO series),1 Kg,NGN,67,40.265671641791045,39.38,9.70597014925373,0.0,3.377451468773729,
2007-05-01,maize_fao,Maize (FAO series),1 Kg,NGN,67,41.08298507462686,40.21,9.70597014925373,0.0,2.0298020609385237,
2007-06-01,maize_fao,Maize (FAO series),1 Kg,NGN,67,42.517462686567164,41.72,9.70597014925373,0.0,3.491658674107012,
2007-07-01,maize_fao,Maize (FAO series),1 Kg,NGN,67,41.67134328358209,40.88,9.70597014925373,0.0,-1.990051497716483,
2007-08-01,maize_fao,Maize (FAO series),1 Kg,NGN,67,41.49597014925373,40.6,9.70597014925373,0.0,-0.4208482868788499,
2007-09-01,maize_fao,Maize (FAO series),1 Kg,NGN,67,41.88955223880597,40.59,9.70597014925373,0.0,0.9484826794905477,
2007-10-01,maize_fao,Maize (FAO series),1 Kg,NGN,67,43.72611940298508,42.85,9.70597014925373,0.0,4.38430841587687,
2007-11-01,maize_fao,Maize (FAO series),1 Kg,NGN,67,42.83477611940298,41.51,9.70597014925373,0.0,-2.0384687590667916,
2007-12-01,maize_fao,Maize (FAO series),1 Kg,NGN,67,44.17522388059701,42.86,9.70597014925373,0.0,3.1293446181614115,
2008-01-01,maize_fao,Maize (FAO series),1 Kg,NGN,67,47.807910447761195,46.72,9.70597014925373,0.0,8.223357457073943,21.467332567320053
2008-02-01,maize_fao,Maize (FAO series),1 Kg,NGN,67,49.61134328358209,48.39,9.70597014925373,0.0,3.772247770149817,23.031254164014037
2008-03-01,maize_fao,Maize (FAO series),1 Kg,NGN,67,51.62835820895522,50.71,9.70597014925373,0.0,4.065632558755206,32.54983407800249
2008-04-01,maize_fao,Maize (FAO series),1 Kg,NGN,67,54.44298507462686,52.96,9.70597014925373,0.0,5.451707091439961,35.20942990584921
2008-05-01,maize_fao,Maize (FAO series),1 Kg,NGN,67,58.228507462686565,56.59,9.70597014925373,0.0,6.953186683042367,41.73387682738978
2008-06-01,maize_fao,Maize (FAO series),1 Kg,NGN,67,61.31641791044776,59.07,9.70597014925373,0.0,5.303090500370389,44.21466859973251
2008-07-01,maize_fao,Maize (FAO series),1 Kg,NGN,67,61.69402985074627,59.51,9.70597014925373,0.0,0.6158414877561968,48.04905479265611
2008-08-01,maize_fao,Maize (FAO series),1 Kg,NGN,67,64.25955223880598,62.26,9.70597014925373,0.0,4.1584613523648395,54.85733194735691
2008-09-01,maize_fao,Maize (FAO series),1 Kg,NGN,67,59.28164179104478,58.19,9.70597014925373,0.0,-7.746568835808154,41.51891968930379
2008-10-01,maize_fao,Maize (FAO series),1 Kg,NGN,67,58.6820895522388,57.9,9.70597014925373,0.0,-1.0113624061210524,34.20374447459591
2008-11-01,maize_fao,Maize (FAO series),1 Kg,NGN,67,51.378955223880595,50.83,9.70597014925373,0.0,-12.445252689676211,19.94682797141394
2008-12-01,maize_fao,Maize (FAO series),1 Kg,NGN,67,49.24746268656716,49.27,9.70597014925373,0.0,-4.148571196174755,11.482089643009186
2009-01-01,maize_fao,Maize (FAO series),1 Kg,NGN,67,55.525820895522386,54.68,9.70597014925373,0.0,12.74859224507361,16.143584556355805
2009-02-01,maize_fao,Maize (FAO series),1 Kg,NGN,67,56.481044776119404,55.72,9.70597014925373,0.0,1.720323743424479,13.84703787049184
2009-03-01,maize_fao,Maize (FAO series),1 Kg,NGN,67,56.38970149253731,55.75,9.70597014925373,0.0,-0.16172378528789277,9.22234107137696
2009-04-01,maize_fao,Maize (FAO series),1 Kg,NGN,67,57.455820895522386,56.62,9.70597014925373,0.0,1.890627853609339,5.533928414773226
2009-05-01,maize_fao,Maize (FAO series),1 Kg,NGN,67,54.18537313432836,53.91,9.70597014925373,0.0,-5.692108667529105,-6.943565110180938
2009-06-01,maize_fao,Maize (FAO series),1 Kg,NGN,67,61.5010447761194,60.2,9.70597014925373,0.0,13.501192699467278,0.30110510685945613
2009-07-01,maize_fao,Maize (FAO series),1 Kg,NGN,67,67.47388059701493,66.66,9.707462686567164,0.0,9.711763178395238,9.36857384782872
2009-08-01,maize_fao,Maize (FAO series),1 Kg,NGN,67,65.42253731343284,63.92,9.707462686567164,0.0,-3.0402035060554056,1.8098244293780485
2009-09-01,maize_fao,Maize (FAO series),1 Kg,NGN,67,61.67194029850747,60.97,9.707462686567164,0.0,-5.732882228270409,4.032105783925477
2009-10-01,maize_fao,Maize (FAO series),1 Kg,NGN,67,59.030895522388064,58.64,9.707462686567164,0.0,-4.282409088048955,0.5943993692296035
2009-11-01,maize_fao,Maize (FAO series),1 Kg,NGN,67,56.18104477611941,56.05,9.707462686567164,0.0,-4.827727448566021,9.346413393020558
2009-12-01,maize_fao,Maize (FAO series),1 Kg,NGN,67,57.27179104477612,57.02,9.707462686567164,0.0,1.9414844864550362,16.293891949884554
2010-01-01,maize_fao,Maize (FAO series),1 Kg,NGN,67,58.10567164179104,57.04,9.707462686567164,0.0,1.456005795877724,4.646218110170608
2010-02-01,maize_fao,Maize (FAO series),1 Kg,NGN,67,57.63716417910448,57.24,9.707462686567164,0.0,-0.8063024648863992,2.0469157530065507
2010-03-01,maize_fao,Maize (FAO series),1 Kg,NGN,67,56.33358208955224,55.74,9.710447761194029,0.0,-2.2617040725692705,-0.09952065980080027
2010-04-01,maize_fao,Maize (FAO series),1 Kg,NGN,67,55.91641791044776,55.41,9.710447761194029,0.0,-0.7405248585849122,-2.679281160865965
2010-05-01,maize_fao,Maize (FAO series),1 Kg,NGN,67,59.38791044776119,59.0,9.710447761194029,0.0,6.208360025624593,9.601368436709802
2010-06-01,maize_fao,Maize (FAO series),1 Kg,NGN,67,58.05776119402985,57.32,9.710447761194029,0.0,-2.239764362313046,-5.598739980148371
2010-07-01,maize_fao,Maize (FAO series),1 Kg,NGN,67,56.79194029850746,56.87,9.710447761194029,0.0,-2.1802785183052342,-15.831222695349222
2010-08-01,maize_fao,Maize (FAO series),1 Kg,NGN,67,54.9065671641791,54.48,9.710447761194029,0.0,-3.319789963890196,-16.073925868806917
2010-09-01,maize_fao,Maize (FAO series),1 Kg,NGN,67,56.47283582089552,56.41,9.710447761194029,0.0,2.8526071426629773,-8.4302592920654
2010-10-01,maize_fao,Maize (FAO series),1 Kg,NGN,67,53.67492537313433,53.73,9.713432835820894,0.0,-4.954435893098774,-9.073164318204242
2010-11-01,maize_fao,Maize (FAO series),1 Kg,NGN,67,55.40298507462686,55.67,9.713432835820894,0.0,3.2194915772672417,-1.3849149737124034
2010-12-01,maize_fao,Maize (FAO series),1 Kg,NGN,67,55.01179104477612,54.98,9.713432835820894,0.0,-0.7060883620689573,-3.9460962522249288
2011-01-01,maize_fao,Maize (FAO series),1 Kg,NGN,67,55.8265671641791,55.62,9.713432835820894,0.0,1.4810936054414414,-3.9223442621266424
2011-02-01,maize_fao,Maize (FAO series),1 Kg,NGN,67,56.03313432835821,55.97,9.713432835820894,0.0,0.37001588073939384,-2.782978436901984
2011-03-01,maize_fao,Maize (FAO series),1 Kg,NGN,67,56.84776119402985,55.72,9.714925373134328,0.0,1.4538306226060227,0.912739941976759
2011-04-01,maize_fao,Maize (FAO series),1 Kg,NGN,67,59.10686567164179,58.24,9.714925373134328,0.0,3.9739550514597877,5.7057441810804965
2011-05-01,maize_fao,Maize (FAO series),1 Kg,NGN,67,59.13791044776119,58.51,9.714925373134328,0.0,0.052523130378556715,-0.42096109816812666
2011-06-01,maize_fao,Maize (FAO series),1 Kg,NGN,67,60.151641791044774,59.15,9.714925373134328,0.0,1.7141818769180972,3.606547262504911
2011-07-01,maize_fao,Maize (FAO series),1 Kg,NGN,67,63.08985074626867,61.99,9.714925373134328,0.0,4.884669591281754,11.089444056072729
2011-08-01,maize_fao,Maize (FAO series),1 Kg,NGN,67,59.97432835820896,59.16,9.714925373134328,0.0,-4.938230715728819,9.229790634836931
2011-09-01,maize_fao,Maize (FAO series),1 Kg,NGN,67,58.56268656716418,58.15,9.714925373134328,0.0,-2.3537433926953844,3.7006300744248932
2011-10-01,maize_fao,Maize (FAO series),1 Kg,NGN,67,60.56895522388059,59.83,9.714925373134328,0.0,3.4258480515839684,12.84404179944496
2011-11-01,maize_fao,Maize (FAO series),1 Kg,NGN,67,60.75283582089552,59.85,9.714925373134328,0.0,0.3035888539520748,9.65625000000001
2011-12-01,maize_fao,Maize (FAO series),1 Kg,NGN,67,65.76253731343284,64.69,9.714925373134328,0.0,8.246037283438667,19.542621798854533
2012-01-01,maize_fao,Maize (FAO series),1 Kg,NGN,67,62.13014925373135,61.53,9.714925373134328,0.0,-5.52349134947312,11.291366117881086
2012-02-01,maize_fao,Maize (FAO series),1 Kg,NGN,67,65.58462686567164,64.66,9.713432835820894,0.0,5.5600664949840395,17.04615073170992
2012-03-01,maize_fao,Maize (FAO series),1 Kg,NGN,67,66.17791044776119,65.73,9.713432835820894,0.0,0.9046076961064298,16.412518378491914
2012-04-01,maize_fao,Maize (FAO series),1 Kg,NGN,67,63.928358208955224,63.03,9.714925373134328,0.0,-3.3992494226327885,8.157246171871835
2012-05-01,maize_fao,Maize (FAO series),1 Kg,NGN,67,65.53597014925373,64.02,9.716417910447761,0.0,2.514708629062379,10.818880229365213
2012-06-01,maize_fao,Maize (FAO series),1 Kg,NGN,67,68.29626865671642,66.61,9.716417910447761,0.0,4.21188318594552,13.540157214601912
2012-07-01,maize_fao,Maize (FAO series),1 Kg,NGN,67,70.09432835820895,68.31,9.719402985074625,0.0,2.6327349017122526,11.102384185549141
2012-08-01,maize_fao,Maize (FAO series),1 Kg,NGN,67,71.82582089552238,70.8,9.720895522388059,0.0,2.4702320114472487,19.760942492807864
2012-09-01,maize_fao,Maize (FAO series),1 Kg,NGN,67,74.2455223880597,73.18,9.720895522388059,0.0,3.36884627612819,26.779570303540012
2012-10-01,maize_fao,Maize (FAO series),1 Kg,NGN,67,71.4744776119403,70.52,9.722388059701492,0.0,-3.7322719094573187,18.00513538288666
2012-11-01,maize_fao,Maize (FAO series),1 Kg,NGN,67,70.81283582089553,68.95,9.722388059701492,0.0,-0.9257035702129324,16.558897809573423
2012-12-01,maize_fao,Maize (FAO series),1 Kg,NGN,67,70.18402985074627,68.71,9.725373134328358,0.0,-0.88798303705796,6.723421446225553
2013-01-01,maize_fao,Maize (FAO series),1 Kg,NGN,67,69.96194029850746,68.0,9.725373134328358,0.0,-0.3164388717933564,12.605459891609328
2013-02-01,maize_fao,Maize (FAO series),1 Kg,NGN,67,72.5255223880597,69.74,9.725373134328358,0.0,3.6642524186924597,10.583113534524147
2013-03-01,maize_fao,Maize (FAO series),1 Kg,NGN,67,76.62432835820896,74.91,9.72686567164179,0.0,5.651535949259245,15.785354719976908
2013-04-01,maize_fao,Maize (FAO series),1 Kg,NGN,67,81.83850746268656,79.97,9.72686567164179,0.0,6.804861088115488,28.015969368696304
2013-05-01,maize_fao,Maize (FAO series),1 Kg,NGN,67,81.75507462686568,80.0,9.72686567164179,0.0,-0.10194813958321891,24.74840067320898
2013-06-01,maize_fao,Maize (FAO series),1 Kg,NGN,67,84.60746268656716,82.99,9.72686567164179,0.0,3.488943130099176,23.882994416337944
2013-07-01,maize_fao,Maize (FAO series),1 Kg,NGN,67,86.06328358208955,84.71,9.725373134328358,0.0,1.7206766983611788,22.78209321340965
2013-08-01,maize_fao,Maize (FAO series),1 Kg,NGN,67,92.33626865671641,89.66,9.725373134328358,0.0,7.288805183273661,28.555813919660533
2013-09-01,maize_fao,Maize (FAO series),1 Kg,NGN,67,96.4755223880597,93.34,9.725373134328358,0.0,4.4828037688332545,29.94119952959624
2013-10-01,maize_fao,Maize (FAO series),1 Kg,NGN,67,95.1110447761194,92.51,9.725373134328358,0.0,-1.4143251864984774,33.06994042336373
2013-11-01,maize_fao,Maize (FAO series),1 Kg,NGN,67,86.84417910447762,85.1,9.725373134328358,0.0,-8.691804081325195,22.639035843910584
2013-12-01,maize_fao,Maize (FAO series),1 Kg,NGN,67,83.47582089552239,82.39,9.723880597014926,0.0,-3.8786228895121844,18.938483687873877
2014-01-01,maize_fao,Maize (FAO series),1 Kg,NGN,67,73.26522388059702,71.68,9.723880597014926,0.0,-12.231801862367863,4.721543696466113
2014-02-01,maize_fao,Maize (FAO series),1 Kg,NGN,67,72.0355223880597,70.26,9.723880597014926,0.0,-1.6784245340482506,-0.6756242269833956
2014-03-01,maize_fao,Maize (FAO series),1 Kg,NGN,67,75.15970149253731,73.38,9.723880597014926,0.0,4.336997915622054,-1.9114384387484695
2014-04-01,maize_fao,Maize (FAO series),1 Kg,NGN,67,73.16373134328359,71.85,9.723880597014926,0.0,-2.6556387394006675,-10.59987087784825
2014-05-01,maize_fao,Maize (FAO series),1 Kg,NGN,67,73.99805970149254,73.09,9.723880597014926,0.0,1.1403578561272276,-9.488114298441474
2014-06-01,maize_fao,Maize (FAO series),1 Kg,NGN,67,74.68164179104478,72.67,9.723880597014926,0.0,0.9237838023183453,-11.731613950288411
2014-07-01,maize_fao,Maize (FAO series),1 Kg,NGN,67,78.79194029850747,76.37,9.723880597014926,0.0,5.503760239983846,-8.448833208468598
2014-08-01,maize_fao,Maize (FAO series),1 Kg,NGN,67,75.56432835820897,73.11,9.723880597014926,0.0,-4.096373217959249,-18.163978837894568
2014-09-01,maize_fao,Maize (FAO series),1 Kg,NGN,67,73.05089552238806,71.03,9.723880597014926,0.0,-3.32621607368242,-24.280383547911
2014-10-01,maize_fao,Maize (FAO series),1 Kg,NGN,67,72.65164179104477,70.83,9.72686567164179,0.0,-0.5465418712367942,-23.613874748134155
2014-11-01,maize_fao,Maize (FAO series),1 Kg,NGN,67,71.46328358208955,69.86,9.728358208955223,0.0,-1.6356935365247294,-17.71091129076612
2014-12-01,maize_fao,Maize (FAO series),1 Kg,NGN,67,69.83626865671641,67.91,9.728358208955223,0.0,-2.276714480246611,-16.33952453834161
2015-01-01,maize_fao,Maize (FAO series),1 Kg,NGN,67,64.65925373134328,63.24,9.73134328358209,0.0,-7.413074932197484,-11.746323417067828
2015-02-01,maize_fao,Maize (FAO series),1 Kg,NGN,67,62.49656716417911,60.62,9.73134328358209,0.0,-3.344744088990037,-13.242015755079372
2015-03-01,maize_fao,Maize (FAO series),1 Kg,NGN,67,64.85820895522389,62.31,9.732835820895522,0.0,3.7788344195621493,-13.706138173441618
2015-04-01,maize_fao,Maize (FAO series),1 Kg,NGN,67,65.61313432835821,63.34,9.732835820895522,0.0,1.1639627200552338,-10.320136598143193
2015-05-01,maize_fao,Maize (FAO series),1 Kg,NGN,67,67.86537313432835,66.29,9.734328358208954,0.0,3.4326035922912945,-8.287631583724476
2015-06-01,maize_fao,Maize (FAO series),1 Kg,NGN,67,67.08999999999999,65.01,9.735820895522387,0.0,-1.1425165714386343,-10.165338641437206
2015-07-01,maize_fao,Maize (FAO series),1 Kg,NGN,67,66.92462686567164,64.93,9.735820895522387,0.0,-0.24649446166097322,-15.061582933325257
2015-08-01,maize_fao,Maize (FAO series),1 Kg,NGN,67,66.48671641791044,64.84,9.735820895522387,0.0,-0.6543337905195235,-12.01309154402399
2015-09-01,maize_fao,Maize (FAO series),1 Kg,NGN,67,67.33910447761194,65.21,9.738805970149254,0.0,1.2820426479534852,-7.818919951536552
2015-10-01,maize_fao,Maize (FAO series),1 Kg,NGN,67,67.58328358208955,65.56,9.738805970149254,0.0,0.36261115494755636,-6.976247313904416
2015-11-01,maize_fao,Maize (FAO series),1 Kg,NGN,67,68.5244776119403,66.81,9.738805970149254,0.0,1.3926432395187316,-4.112329888639188
2015-12-01,maize_fao,Maize (FAO series),1 Kg,NGN,67,70.82328358208954,69.83,9.738805970149254,0.0,3.354722356538886,1.4133271212195542
2016-01-01,maize_fao,Maize (FAO series),1 Kg,NGN,67,76.59910447761195,75.56,9.738805970149254,0.0,8.155257146229022,18.465803511865886
2016-02-01,maize_fao,Maize (FAO series),1 Kg,NGN,67,84.9913432835821,84.26,9.740298507462684,0.0,10.956053420210665,35.99361875398528
2016-03-01,maize_fao,Maize (FAO series),1 Kg,NGN,67,93.30522388059701,93.97,9.740298507462684,0.0,9.782032235065197,43.860315268668714
2016-04-01,maize_fao,Maize (FAO series),1 Kg,NGN,67,98.66805970149254,97.85,9.740298507462684,0.0,5.74762655064025,50.3785190442394
2016-05-01,maize_fao,Maize (FAO series),1 Kg,NGN,67,109.49985074626865,108.98,9.740298507462684,0.0,10.978011605322212,61.3486313993024
2016-06-01,maize_fao,Maize (FAO series),1 Kg,NGN,67,121.19731343283583,120.33,9.741791044776118,0.0,10.68262888656566,80.64884995205821
2016-07-01,maize_fao,Maize (FAO series),1 Kg,NGN,67,123.65850746268659,123.75,9.75223880597015,0.0,2.030733157476039,84.77280076718074
2016-08-01,maize_fao,Maize (FAO series),1 Kg,NGN,67,144.6965671641791,145.47,9.761194029850746,0.0,17.013030589780207,117.63229553204435
2016-09-01,maize_fao,Maize (FAO series),1 Kg,NGN,67,141.74567164179103,142.72,9.76268656716418,0.0,-2.0393680238729117,110.4953321571374
2016-10-01,maize_fao,Maize (FAO series),1 Kg,NGN,67,134.47910447761194,134.65,9.770149253731343,0.0,-5.126482579688652,98.98279182346603
2016-11-01,maize_fao,Maize (FAO series),1 Kg,NGN,67,128.19,124.98,9.76865671641791,0.0,-4.676640658816222,87.07183836694155
2016-12-01,maize_fao,Maize (FAO series),1 Kg,NGN,67,128.87895522388058,129.14,9.770149253731343,0.0,0.5374484935490864,81.97257837459644
2017-01-01,maize_fao,Maize (FAO series),1 Kg,NGN,67,142.2155223880597,141.78,9.771641791044775,0.0,10.348134139520027,85.66212145420818
2017-02-01,maize_fao,Maize (FAO series),1 Kg,NGN,67,143.94835820895523,143.18,9.783582089552239,0.0,1.2184575859217395,69.36825875154975
2017-03-01,maize_fao,Maize (FAO series),1 Kg,NGN,67,145.02194029850745,145.53,9.792537313432836,0.0,0.7458105829826867,55.42746082908763
2017-04-01,maize_fao,Maize (FAO series),1 Kg,NGN,67,155.23835820895522,153.7,9.811940298507462,0.0,7.0447394990156065,57.33395252588205
2017-05-01,maize_fao,Maize (FAO series),1 Kg,NGN,67,155.4189552238806,154.41,9.817910447761193,0.0,0.11633530334189679,41.9353123905301
2017-06-01,maize_fao,Maize (FAO series),1 Kg,NGN,67,160.2834328358209,160.19,9.819402985074626,0.0,3.1299126962557544,32.24998830080956
2017-07-01,maize_fao,Maize (FAO series),1 Kg,NGN,67,163.2213432835821,161.83,9.819402985074626,0.0,1.8329470462306041,31.99362230118572
2017-08-01,maize_fao,Maize (FAO series),1 Kg,NGN,67,169.1486567164179,167.91,9.82089552238806,0.0,3.6314573287989926,16.898873298420657
2017-09-01,maize_fao,Maize (FAO series),1 Kg,NGN,67,160.41089552238807,158.95,9.823880597014924,0.0,-5.165728988719609,13.16810853157222
2017-10-01,maize_fao,Maize (FAO series),1 Kg,NGN,67,143.03119402985075,140.51,9.82686567164179,0.0,-10.83448941291627,6.359418874374323
2017-11-01,maize_fao,Maize (FAO series),1 Kg,NGN,67,133.39970149253733,134.98,9.828358208955224,0.0,-6.733840546212122,4.0640467216922715
2017-12-01,maize_fao,Maize (FAO series),1 Kg,NGN,67,129.22328358208955,125.58,9.828358208955224,0.0,-3.130755064456736,0.2671719037532716
2018-01-01,maize_fao,Maize (FAO series),1 Kg,NGN,67,131.70417910447762,128.22,9.828358208955224,0.0,1.919851789567062,-7.3911364294679816
2018-02-01,maize_fao,Maize (FAO series),1 Kg,NGN,67,133.84910447761195,126.44,9.825373134328357,0.0,1.6285932517242419,-7.015886708956565
2018-03-01,maize_fao,Maize (FAO series),1 Kg,NGN,67,133.9879104477612,130.45,9.823880597014924,0.0,0.10370332374729507,-7.6085244950069075
2018-04-01,maize_fao,Maize (FAO series),1 Kg,NGN,67,139.85298507462687,136.17,9.822388059701494,0.0,4.377316287167798,-9.910806395941908
2018-05-01,maize_fao,Maize (FAO series),1 Kg,NGN,67,140.335223880597,136.81,9.822388059701494,0.0,0.34481838604503157,-9.70520701387777
2018-06-01,maize_fao,Maize (FAO series),1 Kg,NGN,67,135.64268656716416,134.21,9.822388059701494,0.0,-3.3438057699793466,-15.373233423254895
2018-07-01,maize_fao,Maize (FAO series),1 Kg,NGN,67,131.9013432835821,131.24,9.822388059701494,0.0,-2.7582344306705586,-19.18866697818089
2018-08-01,maize_fao,Maize (FAO series),1 Kg,NGN,67,127.51417910447762,126.59,9.822388059701494,0.0,-3.3260951480018397,-24.614134347954973
2018-09-01,maize_fao,Maize (FAO series),1 Kg,NGN,67,125.72373134328357,125.81,9.823880597014924,0.0,-1.404116603948069,-21.62394522276282
2018-10-01,maize_fao,Maize (FAO series),1 Kg,NGN,67,120.4041791044776,121.81,9.825373134328357,0.0,-4.231144098230066,-15.819636463812826
2018-11-01,maize_fao,Maize (FAO series),1 Kg,NGN,67,114.73059701492537,114.49,9.825373134328357,0.0,-4.712113924741046,-13.994862258860719
2018-12-01,maize_fao,Maize (FAO series),1 Kg,NGN,67,112.83999999999999,110.88,9.825373134328357,0.0,-1.6478577329109734,-12.678275251906923
2019-01-01,maize_fao,Maize (FAO series),1 Kg,NGN,67,110.66223880597015,109.6,9.825373134328357,0.0,-1.9299549752125555,-15.976668653631275
2019-02-01,maize_fao,Maize (FAO series),1 Kg,NGN,67,111.16402985074626,110.52,9.825373134328357,0.0,0.45344378551379627,-16.948245350913105
2019-03-01,maize_fao,Maize (FAO series),1 Kg,NGN,67,112.01268656716418,108.88,9.831343283582088,0.0,0.7634274482108738,-16.40090050450086
2019-04-01,maize_fao,Maize (FAO series),1 Kg,NGN,67,111.52731343283583,109.51,9.832835820895522,0.0,-0.4333197865380334,-20.253891346456566
2019-05-01,maize_fao,Maize (FAO series),1 Kg,NGN,67,112.64507462686568,110.45,9.832835820895522,0.0,1.0022308971900262,-19.731431986948078
2019-06-01,maize_fao,Maize (FAO series),1 Kg,NGN,67,107.47805970149254,106.25,9.832835820895522,0.0,-4.58698699653648,-20.763837386636965
2019-07-01,maize_fao,Maize (FAO series),1 Kg,NGN,67,101.49477611940299,100.56,9.832835820895522,0.0,-5.5669813901622405,-23.052507584252822
2019-08-01,maize_fao,Maize (FAO series),1 Kg,NGN,67,103.83417910447761,103.15,9.832835820895522,0.0,2.3049491555333423,-18.570483820938854
2019-09-01,maize_fao,Maize (FAO series),1 Kg,NGN,67,107.52820895522389,107.56,9.832835820895522,0.0,3.55762416827059,-14.472623580012545
2019-10-01,maize_fao,Maize (FAO series),1 Kg,NGN,67,107.17746268656717,105.81,9.838805970149252,0.0,-0.32619000359503936,-10.985263565007408
2019-11-01,maize_fao,Maize (FAO series),1 Kg,NGN,67,109.61134328358209,109.2,9.838805970149252,0.0,2.2708884274790453,-4.4619777675150685
2019-12-01,maize_fao,Maize (FAO series),1 Kg,NGN,67,106.88492537313432,103.95,9.838805970149252,0.0,-2.487350148965961,-5.27745004153285
2020-01-01,maize_fao,Maize (FAO series),1 Kg,NGN,67,109.24179104477612,106.84,9.838805970149252,0.0,2.2050496488761118,-1.2835884909978779
2020-02-01,maize_fao,Maize (FAO series),1 Kg,NGN,67,110.00611940298508,109.88,9.838805970149252,0.0,0.6996666302328203,-1.0416233104501904
2020-03-01,maize_fao,Maize (FAO series),1 Kg,NGN,67,116.28597014925373,115.16,9.838805970149252,0.0,5.7086376470236955,3.814999633570282
2020-04-01,maize_fao,Maize (FAO series),1 Kg,NGN,67,129.7865671641791,130.68,9.838805970149252,0.0,11.609824467730089,16.372001771870348
2020-05-01,maize_fao,Maize (FAO series),1 Kg,NGN,67,140.26611940298508,139.54,9.838805970149252,0.0,8.074450590521764,24.520419439210727
2020-06-01,maize_fao,Maize (FAO series),1 Kg,NGN,67,155.56761194029852,153.51,9.838805970149252,0.0,10.908901310196084,44.74359917956181
2020-07-01,maize_fao,Maize (FAO series),1 Kg,NGN,67,172.95298507462687,176.6,9.840298507462686,0.0,11.175445144070384,70.40579987206164
2020-08-01,maize_fao,Maize (FAO series),1 Kg,NGN,67,189.38865671641793,194.51,9.840298507462686,0.0,9.502970784054,82.39529444910012
2020-09-01,maize_fao,Maize (FAO series),1 Kg,NGN,67,188.1120895522388,190.62,9.840298507462686,0.0,-0.6740462635471234,74.94208392382977
2020-10-01,maize_fao,Maize (FAO series),1 Kg,NGN,67,167.5617910447761,171.33,9.840298507462686,0.0,-10.924496429962783,56.34050932405312
2020-11-01,maize_fao,Maize (FAO series),1 Kg,NGN,67,171.05791044776117,171.8,9.849253731343284,0.0,2.086465763576628,56.05858419708167
2020-12-01,maize_fao,Maize (FAO series),1 Kg,NGN,67,169.37955223880599,168.89,9.850746268656716,0.0,-0.9811637500785064,58.469074705814194
2021-01-01,maize_fao,Maize (FAO series),1 Kg,NGN,67,185.0337313432836,187.54,9.850746268656716,0.0,9.24207137022477,69.37998688381244
2021-02-01,maize_fao,Maize (FAO series),1 Kg,NGN,67,202.2073134328358,204.5,9.850746268656716,0.0,9.281325066990597,83.81460461494
2021-03-01,maize_fao,Maize (FAO series),1 Kg,NGN,67,208.21432835820897,210.01,9.850746268656716,0.0,2.970720901926449,79.05369675375684
2021-04-01,maize_fao,Maize (FAO series),1 Kg,NGN,67,209.9786567164179,208.44,9.850746268656716,0.0,0.847361645147493,61.787665167841574
2021-05-01,maize_fao,Maize (FAO series),1 Kg,NGN,67,211.91358208955222,212.78,9.850746268656716,0.0,0.921486689834139,51.0796641352312
2021-06-01,maize_fao,Maize (FAO series),1 Kg,NGN,67,233.68880597014925,235.36,9.85223880597015,0.0,10.27552064661672,50.216875515085334
2021-07-01,maize_fao,Maize (FAO series),1 Kg,NGN,67,246.02716417910446,245.94,9.85223880597015,0.0,5.279824233656827,42.25089209818904
2021-08-01,maize_fao,Maize (FAO series),1 Kg,NGN,67,243.18611940298507,243.01,9.85223880597015,0.0,-1.1547687368583248,28.405852609811298
2021-09-01,maize_fao,Maize (FAO series),1 Kg,NGN,67,237.68358208955223,238.78,9.853731343283581,0.0,-2.2626856034963727,26.35210350132622
2021-10-01,maize_fao,Maize (FAO series),1 Kg,NGN,67,218.5207462686567,222.77,9.853731343283581,0.0,-8.062330453129718,30.41203779581425
2021-11-01,maize_fao,Maize (FAO series),1 Kg,NGN,67,214.4234328358209,217.92,9.853731343283581,0.0,-1.8750226249906854,25.351369179330053
2021-12-01,maize_fao,Maize (FAO series),1 Kg,NGN,67,230.99179104477614,234.52,9.853731343283581,0.0,7.726934500503613,36.375251907091986
2022-01-01,maize_fao,Maize (FAO series),1 Kg,NGN,67,242.50641791044777,245.74,9.853731343283581,0.0,4.984864099971231,31.06065372509732
2022-02-01,maize_fao,Maize (FAO series),1 Kg,NGN,67,247.4173134328358,251.65,9.85223880597015,0.0,2.025057961229515,22.3582417631085
2022-03-01,maize_fao,Maize (FAO series),1 Kg,NGN,67,250.8976119402985,254.52,9.849253731343284,0.0,1.406651159199268,20.499686029607833
2022-04-01,maize_fao,Maize (FAO series),1 Kg,NGN,67,251.41597014925372,255.95,9.846268656716417,0.0,0.20660149171869424,19.73405968055033
2022-05-01,maize_fao,Maize (FAO series),1 Kg,NGN,67,254.18194029850744,259.69,9.846268656716417,0.0,1.1001569023684876,19.946035450947686
2022-06-01,maize_fao,Maize (FAO series),1 Kg,NGN,67,258.32417910447765,263.65,9.846268656716417,0.0,1.6296353710675282,10.541956869545244
2022-07-01,maize_fao,Maize (FAO series),1 Kg,NGN,67,259.00194029850746,263.7,9.846268656716417,0.0,0.26236846909932776,5.273716893292946
2022-08-01,maize_fao,Maize (FAO series),1 Kg,NGN,67,250.95641791044778,253.4,9.846268656716417,0.0,-3.106356029142865,3.195206423186714
2022-09-01,maize_fao,Maize (FAO series),1 Kg,NGN,67,251.91432835820893,255.45,9.846268656716417,0.0,0.3817039052983917,5.987265146187082
2022-10-01,maize_fao,Maize (FAO series),1 Kg,NGN,67,245.4586567164179,245.41,9.846268656716417,0.0,-2.562645675561348,12.3273926653366
2022-11-01,maize_fao,Maize (FAO series),1 Kg,NGN,67,253.03955223880598,252.09,9.846268656716417,0.0,3.088461260156894,18.009281398154165
2022-12-01,maize_fao,Maize (FAO series),1 Kg,NGN,67,257.0362686567164,257.33,9.846268656716417,0.0,1.5794828842166542,11.275066310426475
2023-01-01,maize_fao,Maize (FAO series),1 Kg,NGN,67,262.34164179104476,264.52,9.843283582089553,0.0,2.064056236909484,8.17925729616018
2023-02-01,maize_fao,Maize (FAO series),1 Kg,NGN,67,247.71402985074627,249.45,9.828358208955224,0.0,-5.575787297980472,0.11992548694090832
2023-03-01,maize_fao,Maize (FAO series),1 Kg,NGN,67,264.7471641791045,269.19,9.82686567164179,0.0,6.876128226819089,5.520001618071024
2023-04-01,maize_fao,Maize (FAO series),1 Kg,NGN,67,275.4088059701492,280.25,9.825373134328357,0.0,4.027103302164914,9.543083443208511
2023-05-01,maize_fao,Maize (FAO series),1 Kg,NGN,67,298.47880597014927,302.27,9.819402985074626,0.0,8.376638473390186,17.42722776434087
2023-06-01,maize_fao,Maize (FAO series),1 Kg,NGN,67,344.44850746268656,352.25,9.82686567164179,0.0,15.401328527538638,33.33963110103466
2023-07-01,maize_fao,Maize (FAO series),1 Kg,NGN,67,394.1083582089552,394.49,9.834328358208955,0.0,14.417205959775625,52.16424933138863
2023-08-01,maize_fao,Maize (FAO series),1 Kg,NGN,67,450.2782089552239,456.04,9.856716417910448,0.0,14.252387592472115,79.42486297198536
2023-09-01,maize_fao,Maize (FAO series),1 Kg,NGN,67,460.5413432835821,462.52,9.870149253731343,0.0,2.2792873659535084,82.81665290142467
2023-10-01,maize_fao,Maize (FAO series),1 Kg,NGN,67,428.1517910447761,419.96,9.867164179104478,0.0,-7.032930422244821,74.42928954810762
2023-11-01,maize_fao,Maize (FAO series),1 Kg,NGN,67,425.3065671641791,410.89,9.86865671641791,0.0,-0.6645362556242151,68.07908621447298
2023-12-01,maize_fao,Maize (FAO series),1 Kg,NGN,67,453.34343283582086,445.35,9.870149253731343,0.0,6.592154421358565,76.37333252813501
2024-01-01,maize_fao,Maize (FAO series),1 Kg,NGN,67,508.46970149253735,508.94,9.873134328358208,0.0,12.159935418471267,93.81966889478176
2024-02-01,maize_fao,Maize (FAO series),1 Kg,NGN,67,587.2095522388059,581.38,9.873134328358208,0.0,15.485652442051002,137.0513905056625
2024-03-01,maize_fao,Maize (FAO series),1 Kg,NGN,67,638.5707462686566,654.03,9.871641791044775,0.0,8.746655062750609,141.20022144473518
2024-04-01,maize_fao,Maize (FAO series),1 Kg,NGN,67,664.0717910447761,685.21,9.867164179104478,0.0,3.9934564690175645,141.12220693362758
2024-05-01,maize_fao,Maize (FAO series),1 Kg,NGN,67,724.975223880597,736.09,9.862686567164179,0.0,9.171212157649755,142.8900174416744
2024-06-01,maize_fao,Maize (FAO series),1 Kg,NGN,67,862.1437313432835,880.01,9.861194029850745,0.0,18.920440719126997,150.2968405042887
2024-07-01,maize_fao,Maize (FAO series),1 Kg,NGN,67,880.3701492537314,881.87,9.85820895522388,0.0,2.1140811268266946,123.38276540355974
2024-08-01,maize_fao,Maize (FAO series),1 Kg,NGN,67,918.5114925373134,919.94,9.85820895522388,0.0,4.332421233945016,103.98755131156064
2024-09-01,maize_fao,Maize (FAO series),1 Kg,NGN,67,935.7425373134329,918.43,9.859701492537313,0.0,1.8759748697885215,103.1831780056371
2024-10-01,maize_fao,Maize (FAO series),1 Kg,NGN,67,895.8561194029851,887.28,9.861194029850745,0.0,-4.262541919379215,109.23797077128108
2024-11-01,maize_fao,Maize (FAO series),1 Kg,NGN,67,869.9998507462686,857.6,9.865671641791044,0.0,-2.8862077399155917,104.55829228012523
2024-12-01,maize_fao,Maize (FAO series),1 Kg,NGN,67,827.8923880597015,812.67,9.874626865671642,0.0,-4.8399390701559515,82.61925244641719
2025-01-01,maize_fao,Maize (FAO series),1 Kg,NGN,67,840.6602985074627,824.95,9.882089552238806,0.0,1.5422186061747611,65.33144374971197
2025-02-01,maize_fao,Maize (FAO series),1 Kg,NGN,67,873.2431343283582,879.11,9.880597014925373,0.0,3.8758623285462868,48.71064869415278
2025-03-01,maize_fao,Maize (FAO series),1 Kg,NGN,67,864.5964179104477,866.12,9.876119402985074,0.0,-0.9901843001102972,35.39555686860396
2025-04-01,maize_fao,Maize (FAO series),1 Kg,NGN,67,839.4359701492538,841.51,9.873134328358208,0.0,-2.9100800373429214,26.407412793213126
2025-05-01,maize_fao,Maize (FAO series),1 Kg,NGN,67,839.810447761194,823.52,9.873134328358208,0.0,0.044610622519991594,15.83988253638724
2025-06-01,maize_fao,Maize (FAO series),1 Kg,NGN,67,811.7189552238806,795.92,9.870149253731343,0.0,-3.34498012166925,-5.848766775910718
2025-07-01,maize_fao,Maize (FAO series),1 Kg,NGN,67,785.9262686567164,771.13,9.874626865671642,0.0,-3.1775390239655477,-10.727746809347494
2025-08-01,maize_fao,Maize (FAO series),1 Kg,NGN,67,732.740447761194,726.06,9.874626865671642,0.0,-6.7672786896951775,-20.225228131108295
2025-09-01,maize_fao,Maize (FAO series),1 Kg,NGN,67,667.2880597014926,659.23,9.867164179104478,0.0,-8.932547433362503,-28.68892530873798
2025-10-01,maize_fao,Maize (FAO series),1 Kg,NGN,67,607.4034328358209,614.82,9.870149253731343,0.0,-8.974329151410366,-32.19855067344902
2025-11-01,maize_fao,Maize (FAO series),1 Kg,NGN,67,552.9425373134328,543.7,9.874626865671642,0.0,-8.966181713547993,-36.4433756121763
2025-12-01,maize_fao,Maize (FAO series),1 Kg,NGN,67,518.0705970149254,510.96,9.873134328358208,0.0,-6.306611979598964,-37.422954421756806
2026-01-01,maize_fao,Maize (FAO series),1 Kg,NGN,67,493.2353731343283,492.23,9.871641791044775,0.0,-4.79379142991232,-41.32762377264212
2026-02-01,maize_fao,Maize (FAO series),1 Kg,NGN,67,484.65358208955223,488.05,9.871641791044775,0.0,-1.7398977267672366,-44.49958287249333
2026-03-01,maize_fao,Maize (FAO series),1 Kg,NGN,67,523.8570149253732,527.01,9.871641791044775,0.0,8.088959678539442,-39.41022608080795
2026-04-01,maize_fao,Maize (FAO series),1 Kg,NGN,67,539.209104477612,541.07,9.874626865671642,0.0,2.9305877586512485,-35.76530865341173
2026-05-01,maize_fao,Maize (FAO series),1 Kg,NGN,67,556.8626865671642,555.82,9.873134328358208,0.0,3.273977005016482,-33.6918601034704
2026-06-01,maize_fao,Maize (FAO series),1 Kg,NGN,67,561.8558208955224,566.8,9.873134328358208,0.0,0.8966544982819347,-30.781976042365965
2026-07-01,maize_fao,Maize (FAO series),1 Kg,NGN,67,598.3595522388059,587.42,9.871641791044775,0.0,6.496992642187371,-23.865688665489493
2026-08-01,maize_fao,Maize (FAO series),1 Kg,NGN,67,608.444328358209,595.76,9.870149253731343,0.0,1.6854040487312538,-16.96318522919785
2007-01-01,rice_fao,Rice (FAO series),1 Kg,NGN,67,110.29940298507464,110.62,9.51044776119403,0.0,,
2007-02-01,rice_fao,Rice (FAO series),1 Kg,NGN,67,111.17731343283582,111.35,9.51044776119403,0.0,0.7959339978295121,
2007-03-01,rice_fao,Rice (FAO series),1 Kg,NGN,67,107.30850746268656,106.63,9.51044776119403,0.0,-3.479852004596662,
2007-04-01,rice_fao,Rice (FAO series),1 Kg,NGN,67,108.4602985074627,109.6,9.51044776119403,0.0,1.0733455082083232,
2007-05-01,rice_fao,Rice (FAO series),1 Kg,NGN,67,109.87268656716418,110.46,9.51044776119403,0.0,1.3022166443736216,
2007-06-01,rice_fao,Rice (FAO series),1 Kg,NGN,67,111.58597014925374,112.4,9.51044776119403,0.0,1.5593352958036988,
2007-07-01,rice_fao,Rice (FAO series),1 Kg,NGN,67,110.07328358208954,110.57,9.51044776119403,0.0,-1.3556243362322973,
2007-08-01,rice_fao,Rice (FAO series),1 Kg,NGN,67,109.03522388059702,109.53,9.51044776119403,0.0,-0.9430623560151896,
2007-09-01,rice_fao,Rice (FAO series),1 Kg,NGN,67,107.99462686567165,108.21,9.51044776119403,0.0,-0.9543677518972338,
2007-10-01,rice_fao,Rice (FAO series),1 Kg,NGN,67,110.34029850746269,110.33,9.51044776119403,0.0,2.172026247850911,
2007-11-01,rice_fao,Rice (FAO series),1 Kg,NGN,67,107.85223880597016,107.84,9.51044776119403,0.0,-2.254896656206029,
2007-12-01,rice_fao,Rice (FAO series),1 Kg,NGN,67,109.32686567164178,108.33,9.51044776119403,0.0,1.367265883394908,
2008-01-01,rice_fao,Rice (FAO series),1 Kg,NGN,67,115.91641791044776,115.34,9.51044776119403,0.0,6.0273860393998735,5.092516163603533
2008-02-01,rice_fao,Rice (FAO series),1 Kg,NGN,67,117.40925373134328,117.06,9.51044776119403,0.0,1.287855377008662,5.605406450365691
2008-03-01,rice_fao,Rice (FAO series),1 Kg,NGN,67,118.83880597014925,117.46,9.51044776119403,0.0,1.2175805512545823,10.744999422782975
2008-04-01,rice_fao,Rice (FAO series),1 Kg,NGN,67,122.67402985074627,121.26,9.51044776119403,0.0,3.2272487503453906,13.105008504384298
2008-05-01,rice_fao,Rice (FAO series),1 Kg,NGN,67,128.12671641791044,127.3,9.51044776119403,0.0,4.444858112021177,16.613801319573398
2008-06-01,rice_fao,Rice (FAO series),1 Kg,NGN,67,132.44268656716417,132.42,9.51044776119403,0.0,3.3685169416004968,18.691163763700015
2008-07-01,rice_fao,Rice (FAO series),1 Kg,NGN,67,133.54925373134327,133.27,9.51044776119403,0.0,0.8355064313935845,21.327582302699287
2008-08-01,rice_fao,Rice (FAO series),1 Kg,NGN,67,142.05865671641791,141.63,9.51044776119403,0.0,6.371733834015081,30.28694000021901
2008-09-01,rice_fao,Rice (FAO series),1 Kg,NGN,67,133.88597014925375,134.25,9.51044776119403,0.0,-5.753036637167941,23.974658772409917
2008-10-01,rice_fao,Rice (FAO series),1 Kg,NGN,67,131.7413432835821,131.3,9.51044776119403,0.0,-1.6018309187145308,19.395492912022515
2008-11-01,rice_fao,Rice (FAO series),1 Kg,NGN,67,120.95343283582089,121.71,9.51044776119403,0.0,-8.188705366803116,12.147354727999883
2008-12-01,rice_fao,Rice (FAO series),1 Kg,NGN,67,120.80880597014927,122.12,9.51044776119403,0.0,-0.11957235299633329,10.502395937145925
2009-01-01,rice_fao,Rice (FAO series),1 Kg,NGN,67,140.7716417910448,141.46,9.51044776119403,0.0,16.5243217666005,21.442367119901128
2009-02-01,rice_fao,Rice (FAO series),1 Kg,NGN,67,136.73343283582088,137.6,9.51044776119403,0.0,-2.8686238960102917,16.458821166426386
2009-03-01,rice_fao,Rice (FAO series),1 Kg,NGN,67,142.96985074626866,145.25,9.51044776119403,0.0,4.561004416480929,20.305694406068685
2009-04-01,rice_fao,Rice (FAO series),1 Kg,NGN,67,145.69044776119404,147.15,9.51044776119403,0.0,1.902916594459958,18.762257943634154
2009-05-01,rice_fao,Rice (FAO series),1 Kg,NGN,67,141.7989552238806,143.94,9.51044776119403,0.0,-2.671069103783741,10.670872701814549
2009-06-01,rice_fao,Rice (FAO series),1 Kg,NGN,67,153.7197014925373,154.68,9.511940298507461,0.0,8.406794147273878,16.06507348715185
2009-07-01,rice_fao,Rice (FAO series),1 Kg,NGN,67,165.34268656716418,164.72,9.511940298507461,0.0,7.56115511660107,23.806522273631515
2009-08-01,rice_fao,Rice (FAO series),1 Kg,NGN,67,162.70671641791046,164.62,9.513432835820895,0.0,-1.594246594138271,14.534883110088014
2009-09-01,rice_fao,Rice (FAO series),1 Kg,NGN,67,153.62074626865672,152.58,9.513432835820895,0.0,-5.58426249959868,14.7399881387146
2009-10-01,rice_fao,Rice (FAO series),1 Kg,NGN,67,146.56074626865671,147.28,9.513432835820895,0.0,-4.595733435413241,11.248862821426409
2009-11-01,rice_fao,Rice (FAO series),1 Kg,NGN,67,142.5465671641791,146.09,9.513432835820895,0.0,-2.738918302939952,17.852436117020474
2009-12-01,rice_fao,Rice (FAO series),1 Kg,NGN,67,142.6582089552239,144.12,9.513432835820895,0.0,0.0783195227116229,18.085935714382796
2010-01-01,rice_fao,Rice (FAO series),1 Kg,NGN,67,142.8734328358209,143.26,9.513432835820895,0.0,0.1508668040719252,1.4930500333979912
2010-02-01,rice_fao,Rice (FAO series),1 Kg,NGN,67,146.49850746268658,146.67,9.513432835820895,0.0,2.5372629150944626,7.141687606564262
2010-03-01,rice_fao,Rice (FAO series),1 Kg,NGN,67,143.95223880597013,145.5,9.514925373134329,0.0,-1.7380850500234524,0.6871295273609412
2010-04-01,rice_fao,Rice (FAO series),1 Kg,NGN,67,142.97417910447763,143.68,9.516417910447762,0.0,-0.6794334771068056,-1.8644109469474146
2010-05-01,rice_fao,Rice (FAO series),1 Kg,NGN,67,144.67462686567166,144.18,9.516417910447762,0.0,1.1893390623711309,2.0279921225447417
2010-06-01,rice_fao,Rice (FAO series),1 Kg,NGN,67,142.385223880597,142.32,9.516417910447762,0.0,-1.582449552263454,-7.373471000716547
2010-07-01,rice_fao,Rice (FAO series),1 Kg,NGN,67,140.0155223880597,141.01,9.516417910447762,0.0,-1.6642889114143689,-15.31798273328302
2010-08-01,rice_fao,Rice (FAO series),1 Kg,NGN,67,138.92835820895525,140.24,9.516417910447762,0.0,-0.7764597528632122,-14.614245024698768
2010-09-01,rice_fao,Rice (FAO series),1 Kg,NGN,67,143.14119402985074,144.06,9.517910447761194,0.0,3.032380051997152,-6.821703769410814
2010-10-01,rice_fao,Rice (FAO series),1 Kg,NGN,67,140.3886567164179,142.6,9.517910447761194,0.0,-1.922952600813732,-4.211284200835685
2010-11-01,rice_fao,Rice (FAO series),1 Kg,NGN,67,139.51880597014926,140.96,9.52089552238806,0.0,-0.6196018728391373,-2.124050585197601
2010-12-01,rice_fao,Rice (FAO series),1 Kg,NGN,67,140.54835820895522,141.32,9.52089552238806,0.0,0.7379307983944816,-1.478955022441708
2011-01-01,rice_fao,Rice (FAO series),1 Kg,NGN,67,140.76358208955224,142.48,9.52089552238806,0.0,0.15313155083394037,-1.4767271314136687
2011-02-01,rice_fao,Rice (FAO series),1 Kg,NGN,67,141.1616417910448,143.08,9.52089552238806,0.0,0.28278599875306565,-3.64294883550339
2011-03-01,rice_fao,Rice (FAO series),1 Kg,NGN,67,140.48567164179107,141.5,9.52089552238806,0.0,-0.4788624874838998,-2.4081370272063363
2011-04-01,rice_fao,Rice (FAO series),1 Kg,NGN,67,140.73955223880597,140.76,9.522388059701493,0.0,0.18071636348953035,-1.5629583465128438
2011-05-01,rice_fao,Rice (FAO series),1 Kg,NGN,67,143.1089552238806,143.37,9.522388059701493,0.0,1.6835373904375173,-1.082201956010409
2011-06-01,rice_fao,Rice (FAO series),1 Kg,NGN,67,145.36492537313433,145.41,9.522388059701493,0.0,1.57640040465985,2.09270415238878
2011-07-01,rice_fao,Rice (FAO series),1 Kg,NGN,67,146.18402985074627,145.3,9.522388059701493,0.0,0.563481510762931,4.405588292982432
2011-08-01,rice_fao,Rice (FAO series),1 Kg,NGN,67,148.38537313432835,150.15,9.522388059701493,0.0,1.5058712540827024,6.807116306052707
2011-09-01,rice_fao,Rice (FAO series),1 Kg,NGN,67,143.83462686567165,142.52,9.522388059701493,0.0,-3.0668428919453206,0.48443974533027845
2011-10-01,rice_fao,Rice (FAO series),1 Kg,NGN,67,149.58388059701494,149.2,9.522388059701493,0.0,3.997127713003734,6.549833936491889
2011-11-01,rice_fao,Rice (FAO series),1 Kg,NGN,67,146.19298507462688,144.6,9.522388059701493,0.0,-2.266885648944539,4.783712889505076
2011-12-01,rice_fao,Rice (FAO series),1 Kg,NGN,67,157.7797014925373,157.82,9.522388059701493,0.0,7.925630913135651,12.260081514409427
2012-01-01,rice_fao,Rice (FAO series),1 Kg,NGN,67,148.54298507462684,147.73,9.52089552238806,0.0,-5.854185507092835,5.5265736134261
2012-02-01,rice_fao,Rice (FAO series),1 Kg,NGN,67,156.62014925373134,157.09,9.52089552238806,0.0,5.43759382177933,10.950926375289027
2012-03-01,rice_fao,Rice (FAO series),1 Kg,NGN,67,158.6368656716418,158.87,9.519402985074626,0.0,1.2876481267064088,12.920316938892151
2012-04-01,rice_fao,Rice (FAO series),1 Kg,NGN,67,161.50149253731342,163.7,9.519402985074626,0.0,1.8057762636340957,14.752029524208465
2012-05-01,rice_fao,Rice (FAO series),1 Kg,NGN,67,166.9205970149254,171.37,9.52089552238806,0.0,3.355451638541318,16.63882022882055
2012-06-01,rice_fao,Rice (FAO series),1 Kg,NGN,67,167.3337313432836,167.96,9.523880597014927,0.0,0.24750350510744923,15.112865716236556
2012-07-01,rice_fao,Rice (FAO series),1 Kg,NGN,67,170.43880597014925,171.62,9.523880597014927,0.0,1.8556178732999307,16.591946565002402
2012-08-01,rice_fao,Rice (FAO series),1 Kg,NGN,67,174.43895522388058,176.1,9.529850746268657,0.0,2.3469709441827025,17.558052750904764
2012-09-01,rice_fao,Rice (FAO series),1 Kg,NGN,67,180.30955223880596,180.16,9.529850746268657,0.0,3.3654162898366646,25.358932106938713
2012-10-01,rice_fao,Rice (FAO series),1 Kg,NGN,67,175.38865671641793,176.53,9.529850746268657,0.0,-2.729137453500352,17.251040697976073
2012-11-01,rice_fao,Rice (FAO series),1 Kg,NGN,67,169.18164179104477,169.54,9.531343283582089,0.0,-3.5390059092642145,15.724869907186667
2012-12-01,rice_fao,Rice (FAO series),1 Kg,NGN,67,165.73820895522385,165.55,9.532835820895523,0.0,-2.035346624708767,5.044062948149874
2013-01-01,rice_fao,Rice (FAO series),1 Kg,NGN,67,166.09164179104476,166.66,9.534328358208954,0.0,0.21324765004333557,11.813857589842836
2013-02-01,rice_fao,Rice (FAO series),1 Kg,NGN,67,170.2413432835821,170.19,9.534328358208954,0.0,2.498440889492781,8.696961466805808
2013-03-01,rice_fao,Rice (FAO series),1 Kg,NGN,67,178.62298507462685,178.34,9.535820895522388,0.0,4.9233879558168825,12.598660039308761
2013-04-01,rice_fao,Rice (FAO series),1 Kg,NGN,67,189.2755223880597,191.68,9.535820895522388,0.0,5.96369907768719,17.197382769901857
2013-05-01,rice_fao,Rice (FAO series),1 Kg,NGN,67,187.30044776119402,186.05,9.535820895522388,0.0,-1.0434918376906133,12.209308563907385
2013-06-01,rice_fao,Rice (FAO series),1 Kg,NGN,67,194.12567164179106,193.54,9.535820895522388,0.0,3.643997631708351,16.011081617216828
2013-07-01,rice_fao,Rice (FAO series),1 Kg,NGN,67,200.79985074626865,203.82,9.534328358208954,0.0,3.438071352455152,17.813457799884414
2013-08-01,rice_fao,Rice (FAO series),1 Kg,NGN,67,212.70164179104478,216.66,9.534328358208954,0.0,5.927191180941294,21.934714363575857
2013-09-01,rice_fao,Rice (FAO series),1 Kg,NGN,67,218.65731343283582,221.52,9.534328358208954,0.0,2.8000120693199904,21.267736910156177
2013-10-01,rice_fao,Rice (FAO series),1 Kg,NGN,67,218.0731343283582,221.53,9.534328358208954,0.0,-0.26716650603001435,24.337079952072305
2013-11-01,rice_fao,Rice (FAO series),1 Kg,NGN,67,198.4592537313433,201.19,9.532835820895523,0.0,-8.994175581244136,17.30543079636213
2013-12-01,rice_fao,Rice (FAO series),1 Kg,NGN,67,193.18014925373134,196.46,9.532835820895523,0.0,-2.660044507049464,16.55740126039449
2014-01-01,rice_fao,Rice (FAO series),1 Kg,NGN,67,174.96582089552237,176.28,9.532835820895523,0.0,-9.428674958877615,5.342941407998092
2014-02-01,rice_fao,Rice (FAO series),1 Kg,NGN,67,171.12373134328357,172.75,9.532835820895523,0.0,-2.19590862522403,0.5183159640790747
2014-03-01,rice_fao,Rice (FAO series),1 Kg,NGN,67,175.2492537313433,176.78,9.532835820895523,0.0,2.4108417667586313,-1.8887442407672594
2014-04-01,rice_fao,Rice (FAO series),1 Kg,NGN,67,172.47194029850746,175.61,9.532835820895523,0.0,-1.5847790354037383,-8.877842141204562
2014-05-01,rice_fao,Rice (FAO series),1 Kg,NGN,67,176.4082089552239,180.57,9.532835820895523,0.0,2.282266118131271,-5.81538321780074
2014-06-01,rice_fao,Rice (FAO series),1 Kg,NGN,67,177.36776119402984,177.87,9.531343283582089,0.0,0.5439385414595321,-8.632506100833293
2014-07-01,rice_fao,Rice (FAO series),1 Kg,NGN,67,181.22985074626865,184.65,9.544776119402986,0.0,2.177447314122616,-9.746023180429908
2014-08-01,rice_fao,Rice (FAO series),1 Kg,NGN,67,180.80641791044778,185.23,9.574626865671641,0.0,-0.23364409013043597,-14.995288053267796
2014-09-01,rice_fao,Rice (FAO series),1 Kg,NGN,67,181.06432835820894,182.32,9.586567164179105,0.0,0.14264452044445708,-17.19264930334662
2014-10-01,rice_fao,Rice (FAO series),1 Kg,NGN,67,182.8614925373134,182.48,9.591044776119404,0.0,0.9925556267212698,-16.146712385958438
2014-11-01,rice_fao,Rice (FAO series),1 Kg,NGN,67,186.47298507462688,185.86,9.600000000000001,0.0,1.9749880016846744,-6.039662263843026
2014-12-01,rice_fao,Rice (FAO series),1 Kg,NGN,67,187.13597014925375,184.2,9.600000000000001,0.0,0.3555394763276487,-3.1287785664452006
2015-01-01,rice_fao,Rice (FAO series),1 Kg,NGN,67,175.9020895522388,173.09,9.604477611940299,0.0,-6.003057877144169,0.5351151738804516
2015-02-01,rice_fao,Rice (FAO series),1 Kg,NGN,67,171.99940298507462,169.22,9.613432835820896,0.0,-2.2186698163157215,0.5117184127047869
2015-03-01,rice_fao,Rice (FAO series),1 Kg,NGN,67,178.4655223880597,175.58,9.617910447761194,0.0,3.7593847948101056,1.8352538388819228
2015-04-01,rice_fao,Rice (FAO series),1 Kg,NGN,67,174.6797014925373,172.95,9.62089552238806,0.0,-2.121317801255984,1.2800697842261899
2015-05-01,rice_fao,Rice (FAO series),1 Kg,NGN,67,178.0031343283582,175.98,9.622388059701493,0.0,1.9025867387132411,0.9041106321413306
2015-06-01,rice_fao,Rice (FAO series),1 Kg,NGN,67,178.8083582089552,178.23,9.623880597014924,0.0,0.4523650011193814,0.8122090537916016
2015-07-01,rice_fao,Rice (FAO series),1 Kg,NGN,67,184.94402985074626,182.03,9.623880597014924,0.0,3.431423286500346,2.049430096191851
2015-08-01,rice_fao,Rice (FAO series),1 Kg,NGN,67,187.90880597014925,186.19,9.623880597014924,0.0,1.6030666801170268,3.928172540434516
2015-09-01,rice_fao,Rice (FAO series),1 Kg,NGN,67,186.4789552238806,182.45,9.623880597014924,0.0,-0.760928014462392,2.9904437360845693
2015-10-01,rice_fao,Rice (FAO series),1 Kg,NGN,67,195.6028358208955,193.01,9.626865671641792,0.0,4.892713274836336,6.967756364004396
2015-11-01,rice_fao,Rice (FAO series),1 Kg,NGN,67,193.95611940298508,193.21,9.628358208955225,0.0,-0.8418673538139521,4.012985755209231
2015-12-01,rice_fao,Rice (FAO series),1 Kg,NGN,67,200.87925373134328,198.89,9.629850746268657,0.0,3.569433307733849,7.344009583581568
2016-01-01,rice_fao,Rice (FAO series),1 Kg,NGN,67,216.98507462686567,217.02,9.632835820895522,0.0,8.01766264875834,23.355598093919273
2016-02-01,rice_fao,Rice (FAO series),1 Kg,NGN,67,235.2323880597015,237.14,9.632835820895522,0.0,8.409478607786491,36.763491022183345
2016-03-01,rice_fao,Rice (FAO series),1 Kg,NGN,67,252.36388059701494,259.96,9.632835820895522,0.0,7.28279497505484,41.40763841671833
2016-04-01,rice_fao,Rice (FAO series),1 Kg,NGN,67,258.649552238806,262.81,9.632835820895522,0.0,2.49071762049351,48.07075466055573
2016-05-01,rice_fao,Rice (FAO series),1 Kg,NGN,67,301.5289552238806,307.49,9.632835820895522,0.0,16.578185662384183,69.39530663974558
2016-06-01,rice_fao,Rice (FAO series),1 Kg,NGN,67,333.90626865671646,340.18,9.644776119402986,0.0,10.737712870326565,86.73974304182919
2016-07-01,rice_fao,Rice (FAO series),1 Kg,NGN,67,330.9679104477612,332.49,9.653731343283582,0.0,-0.8799949221606651,78.955714718047
2016-08-01,rice_fao,Rice (FAO series),1 Kg,NGN,67,366.7137313432836,369.41,9.661194029850746,0.0,10.800388728672349,95.15516021188431
2016-09-01,rice_fao,Rice (FAO series),1 Kg,NGN,67,376.25,381.8,9.667164179104478,0.0,2.6004667514861746,101.76539467860404
2016-10-01,rice_fao,Rice (FAO series),1 Kg,NGN,67,376.4541791044776,377.71,9.674626865671643,0.0,0.054266871621955204,92.45844648652198
2016-11-01,rice_fao,Rice (FAO series),1 Kg,NGN,67,385.04298507462687,387.66,9.677611940298506,0.0,2.281501029044386,98.52066862330761
2016-12-01,rice_fao,Rice (FAO series),1 Kg,NGN,67,384.690447761194,388.53,9.697014925373136,0.0,-0.09155791096013832,91.50332382042822
2017-01-01,rice_fao,Rice (FAO series),1 Kg,NGN,67,387.3102985074627,385.38,9.698507462686566,0.0,0.6810282817043101,78.49628559636814
2017-02-01,rice_fao,Rice (FAO series),1 Kg,NGN,67,391.4522388059701,391.53,9.71044776119403,0.0,1.0694113516910964,66.41085950571583
2017-03-01,rice_fao,Rice (FAO series),1 Kg,NGN,67,389.4710447761194,395.0,9.722388059701492,0.0,-0.5061138584604552,54.32915512899521
2017-04-01,rice_fao,Rice (FAO series),1 Kg,NGN,67,390.505223880597,397.0,9.734328358208955,0.0,0.26553427227742343,50.97850373235955
2017-05-01,rice_fao,Rice (FAO series),1 Kg,NGN,67,384.0335820895522,390.69,9.73731343283582,0.0,-1.6572484554069788,27.36209091575077
2017-06-01,rice_fao,Rice (FAO series),1 Kg,NGN,67,387.7817910447761,395.64,9.749253731343284,0.0,0.9760107266738594,16.134923912868548
2017-07-01,rice_fao,Rice (FAO series),1 Kg,NGN,67,392.9834328358209,400.15,9.749253731343284,0.0,1.341383714029054,18.737623929812376
2017-08-01,rice_fao,Rice (FAO series),1 Kg,NGN,67,399.6228358208955,403.52,9.750746268656716,0.0,1.6894867392153845,8.974058418010378
2017-09-01,rice_fao,Rice (FAO series),1 Kg,NGN,67,394.36149253731344,399.76,9.753731343283581,0.0,-1.3165772353259886,4.81368572420291
2017-10-01,rice_fao,Rice (FAO series),1 Kg,NGN,67,384.2179104477612,390.5,9.756716417910448,0.0,-2.572153286135681,2.0623310283743645
2017-11-01,rice_fao,Rice (FAO series),1 Kg,NGN,67,374.3989552238806,381.7,9.759701492537314,0.0,-2.5555693675075597,-2.7643744369692413
2017-12-01,rice_fao,Rice (FAO series),1 Kg,NGN,67,373.73910447761193,376.98,9.761194029850746,0.0,-0.17624267831465312,-2.846793661583291
2018-01-01,rice_fao,Rice (FAO series),1 Kg,NGN,67,367.73223880597016,373.58,9.759701492537314,0.0,-1.6072349935224994,-5.054877130026869
2018-02-01,rice_fao,Rice (FAO series),1 Kg,NGN,67,367.1141791044776,373.94,9.761194029850746,0.0,-0.1680732979788213,-6.217376550388332
2018-03-01,rice_fao,Rice (FAO series),1 Kg,NGN,67,365.3850746268657,370.82,9.761194029850746,0.0,-0.47099909947085905,-6.184277489254464
2018-04-01,rice_fao,Rice (FAO series),1 Kg,NGN,67,361.4373134328358,367.36,9.761194029850746,0.0,-1.0804385477598766,-7.443667503062423
2018-05-01,rice_fao,Rice (FAO series),1 Kg,NGN,67,365.0386567164179,372.56,9.75820895522388,0.0,0.9963949901512503,-4.9461625907249225
2018-06-01,rice_fao,Rice (FAO series),1 Kg,NGN,67,367.5502985074627,373.33,9.756716417910448,0.0,0.6880481682782325,-5.2172363438739655
2018-07-01,rice_fao,Rice (FAO series),1 Kg,NGN,67,367.8637313432836,369.11,9.753731343283581,0.0,0.08527617501432605,-6.392051011227173
2018-08-01,rice_fao,Rice (FAO series),1 Kg,NGN,67,363.6044776119403,369.82,9.75223880597015,0.0,-1.1578346459408473,-9.01308808716278
2018-09-01,rice_fao,Rice (FAO series),1 Kg,NGN,67,368.73223880597016,374.3,9.75223880597015,0.0,1.4102579890400868,-6.498924011684104
2018-10-01,rice_fao,Rice (FAO series),1 Kg,NGN,67,375.23656716417906,375.98,9.75223880597015,0.0,1.76397061978395,-2.337564970127348
2018-11-01,rice_fao,Rice (FAO series),1 Kg,NGN,67,370.32761194029854,373.98,9.75223880597015,0.0,-1.3082294353611523,-1.0874344671040759
2018-12-01,rice_fao,Rice (FAO series),1 Kg,NGN,67,366.38253731343286,363.33,9.75223880597015,0.0,-1.065293134961176,-1.9683696664446138
2019-01-01,rice_fao,Rice (FAO series),1 Kg,NGN,67,360.80223880597015,363.08,9.75223880597015,0.0,-1.5230798248140553,-1.8845233756229152
2019-02-01,rice_fao,Rice (FAO series),1 Kg,NGN,67,357.69611940298506,354.86,9.75223880597015,0.0,-0.8608924970267329,-2.5654306582400532
2019-03-01,rice_fao,Rice (FAO series),1 Kg,NGN,67,358.5328358208955,360.01,9.75223880597015,0.0,0.23391822626059877,-1.8753472108754665
2019-04-01,rice_fao,Rice (FAO series),1 Kg,NGN,67,365.79656716417907,365.98,9.75223880597015,0.0,2.0259598612920815,1.2060884610778588
2019-05-01,rice_fao,Rice (FAO series),1 Kg,NGN,67,372.11880597014925,374.95,9.75223880597015,0.0,1.7283483152898516,1.9395615021758017
2019-06-01,rice_fao,Rice (FAO series),1 Kg,NGN,67,372.1513432835821,381.15,9.75223880597015,0.0,0.008743797118238028,1.251813641507904
2019-07-01,rice_fao,Rice (FAO series),1 Kg,NGN,67,366.0592537313433,365.95,9.75223880597015,0.0,-1.6369924930236257,-0.4905288176551337
2019-08-01,rice_fao,Rice (FAO series),1 Kg,NGN,67,368.9817910447761,369.58,9.75223880597015,0.0,0.7983782088944791,1.4788908728937011
2019-09-01,rice_fao,Rice (FAO series),1 Kg,NGN,67,381.0222388059702,378.27,9.75223880597015,0.0,3.2631549993568543,3.333041895061184
2019-10-01,rice_fao,Rice (FAO series),1 Kg,NGN,67,397.8125373134328,391.61,9.75223880597015,0.0,4.406645281409105,6.016463246071635
2019-11-01,rice_fao,Rice (FAO series),1 Kg,NGN,67,413.9991044776119,402.18,9.75223880597015,0.0,4.068893171012822,11.792664421780618
2019-12-01,rice_fao,Rice (FAO series),1 Kg,NGN,67,419.704776119403,407.9,9.75223880597015,0.0,1.3781845371357848,14.553706406687716
2020-01-01,rice_fao,Rice (FAO series),1 Kg,NGN,67,438.01373134328355,429.71,9.75223880597015,0.0,4.362341404156855,21.399948291018145
2020-02-01,rice_fao,Rice (FAO series),1 Kg,NGN,67,436.6119402985075,426.44,9.75223880597015,0.0,-0.3200335844442903,22.062252458102517
2020-03-01,rice_fao,Rice (FAO series),1 Kg,NGN,67,439.8105970149254,434.4,9.75223880597015,0.0,0.7326086213379934,22.669544620072692
2020-04-01,rice_fao,Rice (FAO series),1 Kg,NGN,67,469.1874626865672,462.33,9.75223880597015,0.0,6.679435618656737,28.26458879150269
2020-05-01,rice_fao,Rice (FAO series),1 Kg,NGN,67,475.39746268656717,466.05,9.75223880597015,0.0,1.3235647782320337,27.754215873922462
2020-06-01,rice_fao,Rice (FAO series),1 Kg,NGN,67,482.00537313432835,466.79,9.75223880597015,0.0,1.3899759604139472,29.518643915531072
2020-07-01,rice_fao,Rice (FAO series),1 Kg,NGN,67,515.8219402985075,501.98,9.75223880597015,0.0,7.015807094489568,40.91214333214954
2020-08-01,rice_fao,Rice (FAO series),1 Kg,NGN,67,560.8994029850746,555.14,9.75223880597015,0.0,8.7389579940087,52.01275959902565
2020-09-01,rice_fao,Rice (FAO series),1 Kg,NGN,67,576.2180597014925,566.83,9.75223880597015,0.0,2.7310880765593293,51.22950867834328
2020-10-01,rice_fao,Rice (FAO series),1 Kg,NGN,67,586.9462686567165,587.17,9.75223880597015,0.0,1.8618314324930552,47.54343154204488
2020-11-01,rice_fao,Rice (FAO series),1 Kg,NGN,67,575.4523880597014,546.55,9.75223880597015,0.0,-1.9582509014530292,38.99846203431112
2020-12-01,rice_fao,Rice (FAO series),1 Kg,NGN,67,569.7637313432836,556.53,9.75223880597015,0.0,-0.9885538464092236,35.75345427596226
2021-01-01,rice_fao,Rice (FAO series),1 Kg,NGN,67,551.744328358209,532.16,9.75223880597015,0.0,-3.1626096913174306,25.96507572174527
2021-02-01,rice_fao,Rice (FAO series),1 Kg,NGN,67,544.4462686567165,527.29,9.75223880597015,0.0,-1.3227249155798204,24.697979694390337
2021-03-01,rice_fao,Rice (FAO series),1 Kg,NGN,67,547.9558208955224,544.63,9.753731343283581,0.0,0.6446094758744136,24.58904460570035
2021-04-01,rice_fao,Rice (FAO series),1 Kg,NGN,67,533.2323880597015,524.42,9.756716417910448,0.0,-2.6869744374205973,13.650178333072493
2021-05-01,rice_fao,Rice (FAO series),1 Kg,NGN,67,538.0616417910447,538.29,9.75820895522388,0.0,0.9056564903935582,13.181429019488156
2021-06-01,rice_fao,Rice (FAO series),1 Kg,NGN,67,545.4614925373135,541.62,9.759701492537314,0.0,1.3752793679246311,13.165023242448527
2021-07-01,rice_fao,Rice (FAO series),1 Kg,NGN,67,550.950447761194,543.84,9.759701492537314,0.0,1.0062956412097313,6.810200326561833
2021-08-01,rice_fao,Rice (FAO series),1 Kg,NGN,67,547.0025373134328,544.6,9.759701492537314,0.0,-0.7165636154401467,-2.4776039335544953
2021-09-01,rice_fao,Rice (FAO series),1 Kg,NGN,67,547.1782089552239,542.47,9.759701492537314,0.0,0.032115324849124605,-5.039732833315325
2021-10-01,rice_fao,Rice (FAO series),1 Kg,NGN,67,560.5407462686568,551.48,9.759701492537314,0.0,2.442081408714558,-4.4987972150315025
2021-11-01,rice_fao,Rice (FAO series),1 Kg,NGN,67,582.9174626865672,583.2,9.759701492537314,0.0,3.991987481171555,1.2972532188173513
2021-12-01,rice_fao,Rice (FAO series),1 Kg,NGN,67,581.4729850746269,570.5,9.756716417910448,0.0,-0.24780139632170073,2.0551068955788843
2022-01-01,rice_fao,Rice (FAO series),1 Kg,NGN,67,573.164328358209,569.7,9.756716417910448,0.0,-1.428898148269353,3.8822329291065216
2022-02-01,rice_fao,Rice (FAO series),1 Kg,NGN,67,582.0458208955224,570.89,9.753731343283581,0.0,1.5495543071833984,6.906017067868486
2022-03-01,rice_fao,Rice (FAO series),1 Kg,NGN,67,583.9974626865672,582.76,9.750746268656716,0.0,0.33530724231334297,6.577472200613199
2022-04-01,rice_fao,Rice (FAO series),1 Kg,NGN,67,587.2271641791045,585.59,9.74776119402985,0.0,0.5530334802619885,10.125937082681036
2022-05-01,rice_fao,Rice (FAO series),1 Kg,NGN,67,598.1456716417911,588.92,9.744776119402985,0.0,1.8593328321161229,11.16675584803717
2022-06-01,rice_fao,Rice (FAO series),1 Kg,NGN,67,620.81,612.24,9.744776119402985,0.0,3.78909844754034,13.813717098926492
2022-07-01,rice_fao,Rice (FAO series),1 Kg,NGN,67,638.0977611940299,629.23,9.744776119402985,0.0,2.784710490170905,15.817631837302603
2022-08-01,rice_fao,Rice (FAO series),1 Kg,NGN,67,657.9982089552238,663.46,9.744776119402985,0.0,3.118714556207758,20.291619155358774
2022-09-01,rice_fao,Rice (FAO series),1 Kg,NGN,67,684.8749253731344,681.7,9.744776119402985,0.0,4.084618476482738,25.164875750594497
2022-10-01,rice_fao,Rice (FAO series),1 Kg,NGN,67,728.7501492537314,729.56,9.744776119402985,0.0,6.406311905300499,30.008416712753096
2022-11-01,rice_fao,Rice (FAO series),1 Kg,NGN,67,753.9802985074626,748.67,9.74179104477612,0.0,3.4621123960753897,29.345978937137353
2022-12-01,rice_fao,Rice (FAO series),1 Kg,NGN,67,774.6614925373134,778.48,9.722388059701492,0.0,2.7429356006768435,33.22398674082727
2023-01-01,rice_fao,Rice (FAO series),1 Kg,NGN,67,785.6328358208956,786.9,9.717910447761195,0.0,1.416275804241529,37.0693877742337
2023-02-01,rice_fao,Rice (FAO series),1 Kg,NGN,67,827.7883582089552,803.25,9.716417910447761,0.0,5.365804542017627,42.220479641162775
2023-03-01,rice_fao,Rice (FAO series),1 Kg,NGN,67,829.7586567164179,833.73,9.714925373134328,0.0,0.23801959618348079,42.08257907479152
2023-04-01,rice_fao,Rice (FAO series),1 Kg,NGN,67,806.9226865671642,791.12,9.708955223880597,0.0,-2.752121953101627,37.412356884950306
2023-05-01,rice_fao,Rice (FAO series),1 Kg,NGN,67,792.8682089552238,786.5,9.701492537313433,0.0,-1.7417378202280287,32.55436702884735
2023-06-01,rice_fao,Rice (FAO series),1 Kg,NGN,67,833.7729850746268,821.36,9.73731343283582,0.0,5.159088945349932,34.304051976390014
2023-07-01,rice_fao,Rice (FAO series),1 Kg,NGN,67,923.9532835820896,928.09,9.76865671641791,0.0,10.815929530193547,44.79807637205266
2023-08-01,rice_fao,Rice (FAO series),1 Kg,NGN,67,982.2032835820895,986.59,9.79402985074627,0.0,6.304431299185342,49.2714220516864
2023-09-01,rice_fao,Rice (FAO series),1 Kg,NGN,67,1029.9419402985075,1044.84,9.813432835820896,0.0,4.860364194906319,50.38394634427203
2023-10-01,rice_fao,Rice (FAO series),1 Kg,NGN,67,1073.768358208955,1071.11,9.81492537313433,0.0,4.25523189178465,47.34382686693592
2023-11-01,rice_fao,Rice (FAO series),1 Kg,NGN,67,1123.643880597015,1104.3,9.813432835820896,0.0,4.644905207604766,49.02828135182282
2023-12-01,rice_fao,Rice (FAO series),1 Kg,NGN,67,1183.6126865671642,1164.6,9.785074626865672,0.0,5.3369939538394195,52.79095423865448
2024-01-01,rice_fao,Rice (FAO series),1 Kg,NGN,67,1280.8589552238807,1251.47,9.771641791044777,0.0,8.216054944355156,63.035313294349635
2024-02-01,rice_fao,Rice (FAO series),1 Kg,NGN,67,1459.0294029850747,1430.4,9.77462686567164,0.0,13.910231648421556,76.25633273484355
2024-03-01,rice_fao,Rice (FAO series),1 Kg,NGN,67,1632.9050746268656,1627.33,9.77462686567164,0.0,11.917215053106744,96.79277358656526
2024-04-01,rice_fao,Rice (FAO series),1 Kg,NGN,67,1669.0797014925372,1677.36,9.770149253731343,0.0,2.215353937456399,106.84505830331634
2024-05-01,rice_fao,Rice (FAO series),1 Kg,NGN,67,1786.9074626865672,1799.53,9.765671641791045,0.0,7.059444859862896,125.37257043528155
2024-06-01,rice_fao,Rice (FAO series),1 Kg,NGN,67,1948.2461194029852,1959.98,9.75223880597015,0.0,9.02893183253315,133.66625619665612
2024-07-01,rice_fao,Rice (FAO series),1 Kg,NGN,67,2042.7749253731345,2078.24,9.744776119402985,0.0,4.851995085667937,121.09071548005836
2024-08-01,rice_fao,Rice (FAO series),1 Kg,NGN,67,2144.4158208955228,2163.59,9.74179104477612,0.0,4.975628702894053,118.32708734945898
2024-09-01,rice_fao,Rice (FAO series),1 Kg,NGN,67,2238.2880597014923,2273.38,9.750746268656716,0.0,4.377520343361763,117.32177049249697
2024-10-01,rice_fao,Rice (FAO series),1 Kg,NGN,67,2322.032686567164,2301.49,9.755223880597015,0.0,3.7414588574823604,116.25080202962148
2024-11-01,rice_fao,Rice (FAO series),1 Kg,NGN,67,2342.2753731343287,2319.69,9.756716417910448,0.0,0.8717657888395625,108.45353350652611
2024-12-01,rice_fao,Rice (FAO series),1 Kg,NGN,67,2381.060298507463,2437.92,9.770149253731343,0.0,1.6558653102019427,101.16887268361916
2025-01-01,rice_fao,Rice (FAO series),1 Kg,NGN,67,2453.6823880597017,2472.75,9.780597014925373,0.0,3.0499895192810156,91.56538493583189
2025-02-01,rice_fao,Rice (FAO series),1 Kg,NGN,67,2453.6371641791047,2463.07,9.785074626865672,0.0,-0.0018431024657927786,68.16913758962843
2025-03-01,rice_fao,Rice (FAO series),1 Kg,NGN,67,2439.6667164179107,2427.61,9.779104477611941,0.0,-0.5693770849720559,49.406524257106476
2025-04-01,rice_fao,Rice (FAO series),1 Kg,NGN,67,2421.3707462686566,2444.2,9.782089552238805,0.0,-0.7499372773391633,45.072206204616826
2025-05-01,rice_fao,Rice (FAO series),1 Kg,NGN,67,2403.6082089552237,2415.24,9.782089552238805,0.0,-0.7335736314153851,34.51218147253488
2025-06-01,rice_fao,Rice (FAO series),1 Kg,NGN,67,2388.811194029851,2391.29,9.785074626865672,0.0,-0.6156167577662242,22.61341984666039
2025-07-01,rice_fao,Rice (FAO series),1 Kg,NGN,67,2345.8095522388057,2388.06,9.788059701492537,0.0,-1.8001272724489703,14.83445988599643
2025-08-01,rice_fao,Rice (FAO series),1 Kg,NGN,67,2207.244328358209,2223.08,9.785074626865672,0.0,-5.906925553626142,2.9298658800441357
2025-09-01,rice_fao,Rice (FAO series),1 Kg,NGN,67,2079.679104477612,2102.71,9.782089552238805,0.0,-5.779388454720024,-7.086172601261753
2025-10-01,rice_fao,Rice (FAO series),1 Kg,NGN,67,1943.4692537313433,1959.06,9.791044776119403,0.0,-6.549560961256217,-16.303105250231408
2025-11-01,rice_fao,Rice (FAO series),1 Kg,NGN,67,1811.4061194029853,1825.44,9.792537313432836,0.0,-6.795226323997916,-22.664681523802123
2025-12-01,rice_fao,Rice (FAO series),1 Kg,NGN,67,1755.9435820895524,1761.09,9.786567164179106,0.0,-3.0618499473609284,-26.25371213025377
2026-01-01,rice_fao,Rice (FAO series),1 Kg,NGN,67,1703.224328358209,1739.73,9.783582089552239,0.0,-3.0023318669844756,-30.58497152497933
2026-02-01,rice_fao,Rice (FAO series),1 Kg,NGN,67,1641.109104477612,1629.06,9.788059701492537,0.0,-3.6469197184655022,-33.115249131520805
2026-03-01,rice_fao,Rice (FAO series),1 Kg,NGN,67,1711.6159701492538,1688.53,9.791044776119403,0.0,4.29629361504793,-29.842221536621683
2026-04-01,rice_fao,Rice (FAO series),1 Kg,NGN,67,1758.8088059701493,1738.02,9.791044776119403,0.0,2.757209364947677,-27.36309345933572
2026-05-01,rice_fao,Rice (FAO series),1 Kg,NGN,67,1779.3746268656716,1780.12,9.791044776119403,0.0,1.1693039530910498,-25.970687725387975
2026-06-01,rice_fao,Rice (FAO series),1 Kg,NGN,67,1811.257910447761,1795.08,9.788059701492537,0.0,1.791825234591049,-24.17743541329339
2026-07-01,rice_fao,Rice (FAO series),1 Kg,NGN,67,1905.8516417910448,1921.11,9.785074626865672,0.0,5.222543448817807,-18.755056651034252
2026-08-01,rice_fao,Rice (FAO series),1 Kg,NGN,67,1933.0119402985074,1944.28,9.779104477611941,0.0,1.4251003547127272,-12.424197200845487
2007-01-01,sorghum_fao,Sorghum (FAO series),1 Kg,NGN,67,33.17746268656716,32.72,8.925373134328359,0.0,,
2007-02-01,sorghum_fao,Sorghum (FAO series),1 Kg,NGN,67,33.45179104477612,33.01,8.925373134328359,0.0,0.8268515311149249,
2007-03-01,sorghum_fao,Sorghum (FAO series),1 Kg,NGN,67,32.16462686567164,32.18,8.925373134328359,0.0,-3.847818424375471,
2007-04-01,sorghum_fao,Sorghum (FAO series),1 Kg,NGN,67,32.027910447761194,31.71,8.925373134328359,0.0,-0.4250520874419461,
2007-05-01,sorghum_fao,Sorghum (FAO series),1 Kg,NGN,67,32.935223880597015,32.85,8.925373134328359,0.0,2.83288363227967,
2007-06-01,sorghum_fao,Sorghum (FAO series),1 Kg,NGN,67,34.150000000000006,33.67,8.925373134328359,0.0,3.688379723201596,
2007-07-01,sorghum_fao,Sorghum (FAO series),1 Kg,NGN,67,34.58597014925373,34.48,8.925373134328359,0.0,1.2766329407136956,
2007-08-01,sorghum_fao,Sorghum (FAO series),1 Kg,NGN,67,34.053134328358205,33.72,8.925373134328359,0.0,-1.5406126200771753,
2007-09-01,sorghum_fao,Sorghum (FAO series),1 Kg,NGN,67,34.61432835820895,34.87,8.925373134328359,0.0,1.6479952313329438,
2007-10-01,sorghum_fao,Sorghum (FAO series),1 Kg,NGN,67,36.04194029850746,35.66,8.925373134328359,0.0,4.124338122423654,
2007-11-01,sorghum_fao,Sorghum (FAO series),1 Kg,NGN,67,35.811940298507466,35.74,8.925373134328359,0.0,-0.6381454441550138,
2007-12-01,sorghum_fao,Sorghum (FAO series),1 Kg,NGN,67,36.960895522388064,36.79,8.925373134328359,0.0,3.2083020755188763,
2008-01-01,sorghum_fao,Sorghum (FAO series),1 Kg,NGN,67,40.01313432835821,39.87,8.925373134328359,0.0,8.258021789870696,20.603358690713456
2008-02-01,sorghum_fao,Sorghum (FAO series),1 Kg,NGN,67,42.05402985074627,41.68,8.925373134328359,0.0,5.1005639939124325,25.71533103999071
2008-03-01,sorghum_fao,Sorghum (FAO series),1 Kg,NGN,67,43.40492537313433,43.24,8.925373134328359,0.0,3.2122855459572275,34.94614924154189
2008-04-01,sorghum_fao,Sorghum (FAO series),1 Kg,NGN,67,44.89492537313433,45.03,8.925373134328359,0.0,3.4327901434942687,40.17438148629693
2008-05-01,sorghum_fao,Sorghum (FAO series),1 Kg,NGN,67,47.47537313432836,47.46,8.925373134328359,0.0,5.747749305176941,44.14771645835789
2008-06-01,sorghum_fao,Sorghum (FAO series),1 Kg,NGN,67,49.865522388059695,50.03,8.925373134328359,0.0,5.0345033560211805,46.01909923297127
2008-07-01,sorghum_fao,Sorghum (FAO series),1 Kg,NGN,67,50.38,50.8,8.925373134328359,0.0,1.0317301159237457,45.666002088673686
2008-08-01,sorghum_fao,Sorghum (FAO series),1 Kg,NGN,67,53.20179104477612,52.91,8.925373134328359,0.0,5.601014380262237,56.231701116779774
2008-09-01,sorghum_fao,Sorghum (FAO series),1 Kg,NGN,67,53.58865671641791,52.81,8.925373134328359,0.0,0.7271666311312597,54.816399041032106
2008-10-01,sorghum_fao,Sorghum (FAO series),1 Kg,NGN,67,53.35388059701493,52.67,8.925373134328359,0.0,-0.4381078642171854,48.03276448250588
2008-11-01,sorghum_fao,Sorghum (FAO series),1 Kg,NGN,67,48.539850746268655,47.77,8.925373134328359,0.0,-9.022829823957757,35.540968575477194
2008-12-01,sorghum_fao,Sorghum (FAO series),1 Kg,NGN,67,44.94597014925373,44.39,8.925373134328359,0.0,-7.403979496766766,21.604115684991786
2009-01-01,sorghum_fao,Sorghum (FAO series),1 Kg,NGN,67,46.58522388059701,45.53,8.925373134328359,0.0,3.6471650871029215,16.4248306526215
2009-02-01,sorghum_fao,Sorghum (FAO series),1 Kg,NGN,67,47.96074626865671,47.64,8.925373134328359,0.0,2.952701035816241,14.045541982240328
2009-03-01,sorghum_fao,Sorghum (FAO series),1 Kg,NGN,67,48.22,47.02,8.925373134328359,0.0,0.5405539978278195,11.093383033083093
2009-04-01,sorghum_fao,Sorghum (FAO series),1 Kg,NGN,67,48.80059701492537,48.0,8.925373134328359,0.0,1.2040585129103665,8.699583771060793
2009-05-01,sorghum_fao,Sorghum (FAO series),1 Kg,NGN,67,47.18865671641791,46.05,8.926865671641792,0.0,-3.303115939369472,-0.6039266233868301
2009-06-01,sorghum_fao,Sorghum (FAO series),1 Kg,NGN,67,56.09641791044776,55.52,8.929850746268658,0.0,18.8769119823889,12.49539807063178
2009-07-01,sorghum_fao,Sorghum (FAO series),1 Kg,NGN,67,60.11925373134328,59.92,8.93134328358209,0.0,7.171288240396323,19.33158739845826
2009-08-01,sorghum_fao,Sorghum (FAO series),1 Kg,NGN,67,59.032238805970145,58.36,8.932835820895523,0.0,-1.8080978353968047,10.959119320413402
2009-09-01,sorghum_fao,Sorghum (FAO series),1 Kg,NGN,67,55.57567164179105,54.29,8.932835820895523,0.0,-5.8553889096774725,3.707902095564908
2009-10-01,sorghum_fao,Sorghum (FAO series),1 Kg,NGN,67,53.96,53.28,8.932835820895523,0.0,-2.907156304299374,1.1360362099303023
2009-11-01,sorghum_fao,Sorghum (FAO series),1 Kg,NGN,67,52.28179104477612,50.9,8.934328358208955,0.0,-3.1100981379241666,7.709006601745916
2009-12-01,sorghum_fao,Sorghum (FAO series),1 Kg,NGN,67,52.930149253731344,52.03,8.934328358208955,0.0,1.2401224135568434,17.763948754391667
2010-01-01,sorghum_fao,Sorghum (FAO series),1 Kg,NGN,67,50.2244776119403,49.22,8.935820895522388,0.0,-5.111777842947052,7.812034435363224
2010-02-01,sorghum_fao,Sorghum (FAO series),1 Kg,NGN,67,50.2010447761194,48.86,8.937313432835822,0.0,-0.04665620616695065,4.6711085246952555
2010-03-01,sorghum_fao,Sorghum (FAO series),1 Kg,NGN,67,48.89238805970149,47.7,8.938805970149254,0.0,-2.606831635186291,1.394417378061985
2010-04-01,sorghum_fao,Sorghum (FAO series),1 Kg,NGN,67,49.75761194029851,49.01,8.940298507462687,0.0,1.7696494586038947,1.9610721669663933
2010-05-01,sorghum_fao,Sorghum (FAO series),1 Kg,NGN,67,56.00074626865672,55.75,8.940298507462687,0.0,12.547093971971579,18.67416910211157
2010-06-01,sorghum_fao,Sorghum (FAO series),1 Kg,NGN,67,54.163134328358204,54.08,8.940298507462687,0.0,-3.2814061646300186,-3.4463583488982263
2010-07-01,sorghum_fao,Sorghum (FAO series),1 Kg,NGN,67,52.919999999999995,52.61,8.941791044776119,0.0,-2.2951668949249493,-11.97495525063369
2010-08-01,sorghum_fao,Sorghum (FAO series),1 Kg,NGN,67,49.63731343283582,49.2,8.941791044776119,0.0,-6.203111426992026,-15.914906097351311
2010-09-01,sorghum_fao,Sorghum (FAO series),1 Kg,NGN,67,49.980746268656716,48.73,8.946268656716418,0.0,0.6918844153110726,-10.067220436301728
2010-10-01,sorghum_fao,Sorghum (FAO series),1 Kg,NGN,67,45.92686567164179,45.13,8.949253731343283,0.0,-8.110884489848324,-14.887202239359166
2010-11-01,sorghum_fao,Sorghum (FAO series),1 Kg,NGN,67,49.273582089552235,48.62,8.950746268656717,0.0,7.287055994280323,-5.753836842826487
2010-12-01,sorghum_fao,Sorghum (FAO series),1 Kg,NGN,67,47.368059701492534,46.84,8.95223880597015,0.0,-3.867229268204031,-10.508357959800584
2011-01-01,sorghum_fao,Sorghum (FAO series),1 Kg,NGN,67,47.95328358208955,46.95,8.95223880597015,0.0,1.2354820617205275,-4.522085918740948
2011-02-01,sorghum_fao,Sorghum (FAO series),1 Kg,NGN,67,47.82940298507463,46.85,8.95223880597015,0.0,-0.25833600488035513,-4.724287714770748
2011-03-01,sorghum_fao,Sorghum (FAO series),1 Kg,NGN,67,48.632238805970154,47.8,8.953731343283582,0.0,1.6785403345846772,-0.5320853900890876
2011-04-01,sorghum_fao,Sorghum (FAO series),1 Kg,NGN,67,51.15731343283582,50.61,8.955223880597014,0.0,5.192182570372816,2.8130399308888387
2011-05-01,sorghum_fao,Sorghum (FAO series),1 Kg,NGN,67,51.90731343283582,51.0,8.956716417910448,0.0,1.4660660415341642,-7.30960408310124
2011-06-01,sorghum_fao,Sorghum (FAO series),1 Kg,NGN,67,52.82641791044776,51.9,8.955223880597014,0.0,1.7706647037342593,-2.467945096764057
2011-07-01,sorghum_fao,Sorghum (FAO series),1 Kg,NGN,67,55.50537313432836,54.97,8.955223880597014,0.0,5.071241492129963,4.885436761769402
2011-08-01,sorghum_fao,Sorghum (FAO series),1 Kg,NGN,67,51.53492537313433,50.1,8.956716417910448,0.0,-7.153267399149199,3.8229545659560493
2011-09-01,sorghum_fao,Sorghum (FAO series),1 Kg,NGN,67,51.72194029850746,51.0,8.956716417910448,0.0,0.36288967922057935,3.4837295555602
2011-10-01,sorghum_fao,Sorghum (FAO series),1 Kg,NGN,67,52.24955223880597,51.09,8.956716417910448,0.0,1.0200930925124752,13.766858405641669
2011-11-01,sorghum_fao,Sorghum (FAO series),1 Kg,NGN,67,54.45268656716418,53.59,8.955223880597014,0.0,4.2165611645604395,10.510915297773927
2011-12-01,sorghum_fao,Sorghum (FAO series),1 Kg,NGN,67,59.518507462686564,59.17,8.953731343283582,0.0,9.303160624175998,25.651140953977425
2012-01-01,sorghum_fao,Sorghum (FAO series),1 Kg,NGN,67,56.53,55.76,8.953731343283582,0.0,-5.021139793466967,17.885566487283967
2012-02-01,sorghum_fao,Sorghum (FAO series),1 Kg,NGN,67,59.95462686567164,59.81,8.95223880597015,0.0,6.058069813677047,25.35098312722144
2012-03-01,sorghum_fao,Sorghum (FAO series),1 Kg,NGN,67,60.6710447761194,60.62,8.949253731343283,0.0,1.1949334820361646,24.754784615573456
2012-04-01,sorghum_fao,Sorghum (FAO series),1 Kg,NGN,67,60.86298507462687,59.94,8.953731343283582,0.0,0.31636227662756866,18.972207472414638
2012-05-01,sorghum_fao,Sorghum (FAO series),1 Kg,NGN,67,61.958656716417906,61.21,8.958208955223881,0.0,1.8002265916592597,19.36402140439761
2012-06-01,sorghum_fao,Sorghum (FAO series),1 Kg,NGN,67,63.958656716417906,63.43,8.961194029850747,0.0,3.2279589422893995,21.073241848125512
2012-07-01,sorghum_fao,Sorghum (FAO series),1 Kg,NGN,67,65.3823880597015,64.04,8.965671641791046,0.0,2.226018206724034,17.794700526505448
2012-08-01,sorghum_fao,Sorghum (FAO series),1 Kg,NGN,67,66.6879104477612,65.93,8.968656716417911,0.0,1.9967493185895968,29.403331750095575
2012-09-01,sorghum_fao,Sorghum (FAO series),1 Kg,NGN,67,68.07671641791045,67.82,8.968656716417911,0.0,2.082545338164632,31.62057731209078
2012-10-01,sorghum_fao,Sorghum (FAO series),1 Kg,NGN,67,65.97,64.74,8.971641791044776,0.0,-3.0946210815717135,26.259455197787894
2012-11-01,sorghum_fao,Sorghum (FAO series),1 Kg,NGN,67,67.4310447761194,66.3,8.976119402985073,0.0,2.214710893011085,23.834192630600846
2012-12-01,sorghum_fao,Sorghum (FAO series),1 Kg,NGN,67,67.8389552238806,66.25,8.980597014925374,0.0,0.60492974580999,13.97959746623403
2013-01-01,sorghum_fao,Sorghum (FAO series),1 Kg,NGN,67,65.60074626865672,64.58,8.982089552238808,0.0,-3.2992975022056226,16.045898228651545
2013-02-01,sorghum_fao,Sorghum (FAO series),1 Kg,NGN,67,67.3334328358209,66.56,8.988059701492539,0.0,2.641260451623917,12.307316976021676
2013-03-01,sorghum_fao,Sorghum (FAO series),1 Kg,NGN,67,71.5510447761194,70.77,8.988059701492539,0.0,6.263770853005957,17.932771786192237
2013-04-01,sorghum_fao,Sorghum (FAO series),1 Kg,NGN,67,75.4858208955224,75.2,8.988059701492539,0.0,5.499257392697432,24.02582752549156
2013-05-01,sorghum_fao,Sorghum (FAO series),1 Kg,NGN,67,73.85686567164178,73.28,8.988059701492539,0.0,-2.157961859002888,19.203464997121333
2013-06-01,sorghum_fao,Sorghum (FAO series),1 Kg,NGN,67,77.76149253731343,76.92,8.988059701492539,0.0,5.286748672806008,21.580871971866156
2013-07-01,sorghum_fao,Sorghum (FAO series),1 Kg,NGN,67,79.04462686567165,78.4,8.988059701492539,0.0,1.650089634972618,20.895900580283143
2013-08-01,sorghum_fao,Sorghum (FAO series),1 Kg,NGN,67,81.70447761194029,81.08,8.986567164179105,0.0,3.3649988009796017,22.517675337784127
2013-09-01,sorghum_fao,Sorghum (FAO series),1 Kg,NGN,67,84.26940298507463,83.72,8.985074626865671,0.0,3.1392714917248377,23.785939480042284
2013-10-01,sorghum_fao,Sorghum (FAO series),1 Kg,NGN,67,83.6344776119403,82.71,8.985074626865671,0.0,-0.7534471001850895,26.776531168622554
2013-11-01,sorghum_fao,Sorghum (FAO series),1 Kg,NGN,67,77.71268656716418,76.19,8.983582089552238,0.0,-7.080562004886215,15.247638272818232
2013-12-01,sorghum_fao,Sorghum (FAO series),1 Kg,NGN,67,74.55253731343284,73.9,8.982089552238808,0.0,-4.06645220146925,9.89635242376039
2014-01-01,sorghum_fao,Sorghum (FAO series),1 Kg,NGN,67,69.50477611940298,68.24,8.982089552238808,0.0,-6.770743660686051,5.95119731528353
2014-02-01,sorghum_fao,Sorghum (FAO series),1 Kg,NGN,67,67.3192537313433,67.08,8.982089552238808,0.0,-3.144420441417073,-0.021058044838107026
2014-03-01,sorghum_fao,Sorghum (FAO series),1 Kg,NGN,67,69.81388059701491,68.97,8.982089552238808,0.0,3.705666250590278,-2.427866964822112
2014-04-01,sorghum_fao,Sorghum (FAO series),1 Kg,NGN,67,67.79656716417911,67.11,8.982089552238808,0.0,-2.889559233185013,-10.186355053336104
2014-05-01,sorghum_fao,Sorghum (FAO series),1 Kg,NGN,67,67.40432835820896,65.88,8.980597014925374,0.0,-0.5785526057982993,-8.736543657457641
2014-06-01,sorghum_fao,Sorghum (FAO series),1 Kg,NGN,67,67.38208955223881,65.39,8.97313432835821,0.0,-0.03299314229786576,-13.347741467403186
2014-07-01,sorghum_fao,Sorghum (FAO series),1 Kg,NGN,67,68.51268656716418,67.08,8.991044776119402,0.0,1.6778895140211691,-13.324043285580222
2014-08-01,sorghum_fao,Sorghum (FAO series),1 Kg,NGN,67,66.0886567164179,63.69,8.995522388059703,0.0,-3.5380744387683016,-19.112564392970665
2014-09-01,sorghum_fao,Sorghum (FAO series),1 Kg,NGN,67,64.77119402985075,62.22,9.0,0.0,-1.9934777797350312,-23.137945997644383
2014-10-01,sorghum_fao,Sorghum (FAO series),1 Kg,NGN,67,64.27865671641791,62.15,9.002985074626867,0.0,-0.7604264840414099,-23.143351220931162
2014-11-01,sorghum_fao,Sorghum (FAO series),1 Kg,NGN,67,63.591492537313435,62.49,9.007462686567164,0.0,-1.0690394202481301,-18.171027992509725
2014-12-01,sorghum_fao,Sorghum (FAO series),1 Kg,NGN,67,62.17044776119403,60.89,9.019402985074628,0.0,-2.234646049997302,-16.608542107939506
2015-01-01,sorghum_fao,Sorghum (FAO series),1 Kg,NGN,67,58.03208955223881,56.67,9.028358208955224,0.0,-6.656471616307602,-16.50632835282444
2015-02-01,sorghum_fao,Sorghum (FAO series),1 Kg,NGN,67,55.00537313432836,52.75,9.031343283582089,0.0,-5.2155909622828345,-18.29176634393036
2015-03-01,sorghum_fao,Sorghum (FAO series),1 Kg,NGN,67,55.3265671641791,52.64,9.035820895522388,0.0,0.5839320988994201,-20.751336709759205
2015-04-01,sorghum_fao,Sorghum (FAO series),1 Kg,NGN,67,56.79074626865672,54.87,9.044776119402986,0.0,2.646430421270729,-16.2335961183259
2015-05-01,sorghum_fao,Sorghum (FAO series),1 Kg,NGN,67,59.63955223880597,58.12,9.059701492537313,0.0,5.016320716534639,-11.519699563117658
2015-06-01,sorghum_fao,Sorghum (FAO series),1 Kg,NGN,67,58.85268656716418,57.1,9.059701492537313,0.0,-1.3193688451768715,-12.658264298055212
2015-07-01,sorghum_fao,Sorghum (FAO series),1 Kg,NGN,67,58.49626865671642,56.75,9.059701492537313,0.0,-0.6056102639273808,-14.619800233097703
2015-08-01,sorghum_fao,Sorghum (FAO series),1 Kg,NGN,67,57.248358208955224,55.07,9.061194029850746,0.0,-2.1333163232761354,-13.376423348103172
2015-09-01,sorghum_fao,Sorghum (FAO series),1 Kg,NGN,67,58.8989552238806,56.82,9.06268656716418,0.0,2.883221574496053,-9.06612714791678
2015-10-01,sorghum_fao,Sorghum (FAO series),1 Kg,NGN,67,56.766119402985076,54.17,9.065671641791045,0.0,-3.6211776809765284,-11.687452254293918
2015-11-01,sorghum_fao,Sorghum (FAO series),1 Kg,NGN,67,58.16238805970149,56.61,9.067164179104477,0.0,2.45968664302072,-8.537469810802634
2015-12-01,sorghum_fao,Sorghum (FAO series),1 Kg,NGN,67,61.23985074626865,59.5,9.070149253731344,0.0,5.291156001724451,-1.4968478568787913
2016-01-01,sorghum_fao,Sorghum (FAO series),1 Kg,NGN,67,65.18134328358208,64.05,9.079104477611942,0.0,6.436156341471144,12.31948355901904
2016-02-01,sorghum_fao,Sorghum (FAO series),1 Kg,NGN,67,73.66611940298507,72.65,9.077611940298508,0.0,13.017185120730934,33.9253153016259
2016-03-01,sorghum_fao,Sorghum (FAO series),1 Kg,NGN,67,82.28925373134328,82.3,9.077611940298508,0.0,11.705699171129114,48.733705973756905
2016-04-01,sorghum_fao,Sorghum (FAO series),1 Kg,NGN,67,88.5310447761194,88.79,9.079104477611942,0.0,7.5851836804283534,55.889912693365005
2016-05-01,sorghum_fao,Sorghum (FAO series),1 Kg,NGN,67,101.62059701492537,102.98,9.077611940298508,0.0,14.785268006163621,70.39128095398976
2016-06-01,sorghum_fao,Sorghum (FAO series),1 Kg,NGN,67,112.51507462686567,112.59,9.108955223880596,0.0,10.720737657485113,91.18086393296696
2016-07-01,sorghum_fao,Sorghum (FAO series),1 Kg,NGN,67,119.22537313432836,116.36,9.144776119402986,0.0,5.963910640166303,103.81705683485363
2016-08-01,sorghum_fao,Sorghum (FAO series),1 Kg,NGN,67,144.72402985074626,148.39,9.174626865671643,0.0,21.386938070379678,152.8003149409225
2016-09-01,sorghum_fao,Sorghum (FAO series),1 Kg,NGN,67,161.95194029850748,165.72,9.180597014925374,0.0,11.903973697753134,174.9657267822707
2016-10-01,sorghum_fao,Sorghum (FAO series),1 Kg,NGN,67,163.1765671641791,164.79,9.180597014925374,0.0,0.7561668377757069,187.45415201941452
2016-11-01,sorghum_fao,Sorghum (FAO series),1 Kg,NGN,67,156.7502985074627,157.2,9.188059701492538,0.0,-3.9382300831532047,169.50457802139152
2016-12-01,sorghum_fao,Sorghum (FAO series),1 Kg,NGN,67,136.40567164179106,135.7,9.265671641791045,0.0,-12.979003586843607,122.74004586809393
2017-01-01,sorghum_fao,Sorghum (FAO series),1 Kg,NGN,67,143.04149253731345,141.34,9.267164179104478,0.0,4.86476904930202,119.45158741971315
2017-02-01,sorghum_fao,Sorghum (FAO series),1 Kg,NGN,67,139.94253731343284,138.27,9.301492537313434,0.0,-2.1664729365657442,89.96865648356946
2017-03-01,sorghum_fao,Sorghum (FAO series),1 Kg,NGN,67,137.23014925373135,134.36,9.33731343283582,0.0,-1.9382155788889799,66.76557755859385
2017-04-01,sorghum_fao,Sorghum (FAO series),1 Kg,NGN,67,143.45119402985074,140.02,9.34179104477612,0.0,4.533293019026741,62.034904696556396
2017-05-01,sorghum_fao,Sorghum (FAO series),1 Kg,NGN,67,142.07373134328358,139.5,9.34776119402985,0.0,-0.9602308965657835,39.808006955929145
2017-06-01,sorghum_fao,Sorghum (FAO series),1 Kg,NGN,67,146.99537313432836,144.19,9.355223880597014,0.0,3.4641462179612503,30.64504789407987
2017-07-01,sorghum_fao,Sorghum (FAO series),1 Kg,NGN,67,152.2837313432836,150.05,9.361194029850747,0.0,3.597635827709067,27.727619834503827
2017-08-01,sorghum_fao,Sorghum (FAO series),1 Kg,NGN,67,163.2607462686567,156.12,9.359701492537313,0.0,7.208265011991544,12.808319694405501
2017-09-01,sorghum_fao,Sorghum (FAO series),1 Kg,NGN,67,161.2602985074627,155.41,9.374626865671642,0.0,-1.2253084754997645,-0.4270660726694353
2017-10-01,sorghum_fao,Sorghum (FAO series),1 Kg,NGN,67,147.6279104477612,138.32,9.380597014925373,0.0,-8.45365423844272,-9.528731353181186
2017-11-01,sorghum_fao,Sorghum (FAO series),1 Kg,NGN,67,124.97776119402985,119.06,9.388059701492537,0.0,-15.3427283398055,-20.269522684143524
2017-12-01,sorghum_fao,Sorghum (FAO series),1 Kg,NGN,67,113.47850746268657,105.22,9.386567164179104,0.0,-9.201039946211331,-16.808072496657257
2018-01-01,sorghum_fao,Sorghum (FAO series),1 Kg,NGN,67,112.21074626865672,102.18,9.38955223880597,0.0,-1.1171817662888328,-21.553708453240795
2018-02-01,sorghum_fao,Sorghum (FAO series),1 Kg,NGN,67,117.55925373134329,110.93,9.38358208955224,0.0,4.766484174235042,-15.994624659375113
2018-03-01,sorghum_fao,Sorghum (FAO series),1 Kg,NGN,67,120.36656716417912,113.94,9.380597014925373,0.0,2.3879986846899737,-12.288540223309353
2018-04-01,sorghum_fao,Sorghum (FAO series),1 Kg,NGN,67,122.09462686567164,114.1,9.37910447761194,0.0,1.4356641899867961,-14.887688672521616
2018-05-01,sorghum_fao,Sorghum (FAO series),1 Kg,NGN,67,118.71611940298507,110.8,9.37910447761194,0.0,-2.767122148957135,-16.440486020502288
2018-06-01,sorghum_fao,Sorghum (FAO series),1 Kg,NGN,67,111.98492537313433,105.88,9.370149253731345,0.0,-5.66999162683336,-23.817380788714026
2018-07-01,sorghum_fao,Sorghum (FAO series),1 Kg,NGN,67,109.43194029850746,105.18,9.370149253731345,0.0,-2.2797578032224597,-28.13944120411527
2018-08-01,sorghum_fao,Sorghum (FAO series),1 Kg,NGN,67,108.7968656716418,105.77,9.367164179104478,0.0,-0.5803375368592656,-33.36005858223315
2018-09-01,sorghum_fao,Sorghum (FAO series),1 Kg,NGN,67,114.74641791044776,113.86,9.367164179104478,0.0,5.468495992120048,-28.843975254617547
2018-10-01,sorghum_fao,Sorghum (FAO series),1 Kg,NGN,67,113.85910447761195,112.55,9.370149253731345,0.0,-0.7732820326716405,-22.87426941675672
2018-11-01,sorghum_fao,Sorghum (FAO series),1 Kg,NGN,67,104.43179104477612,102.55,9.370149253731345,0.0,-8.279806411695013,-16.439700913953647
2018-12-01,sorghum_fao,Sorghum (FAO series),1 Kg,NGN,67,95.65,93.1,9.371641791044775,0.0,-8.409116569695563,-15.710911133149018
2019-01-01,sorghum_fao,Sorghum (FAO series),1 Kg,NGN,67,94.59522388059702,93.05,9.370149253731345,0.0,-1.102745550865647,-15.698605502439445
2019-02-01,sorghum_fao,Sorghum (FAO series),1 Kg,NGN,67,94.18402985074627,91.84,9.38358208955224,0.0,-0.43468793981583653,-19.88378042447949
2019-03-01,sorghum_fao,Sorghum (FAO series),1 Kg,NGN,67,98.03179104477613,96.1,9.386567164179104,0.0,4.085364790747881,-18.55563105736705
2019-04-01,sorghum_fao,Sorghum (FAO series),1 Kg,NGN,67,96.97388059701493,95.98,9.392537313432834,0.0,-1.0791503822244808,-20.57481718363784
2019-05-01,sorghum_fao,Sorghum (FAO series),1 Kg,NGN,67,97.4579104477612,96.99,9.392537313432834,0.0,0.49913424910539295,-17.906758629013396
2019-06-01,sorghum_fao,Sorghum (FAO series),1 Kg,NGN,67,92.82641791044776,93.19,9.394029850746268,0.0,-4.752300265862952,-17.108112898990935
2019-07-01,sorghum_fao,Sorghum (FAO series),1 Kg,NGN,67,86.68626865671641,84.12,9.394029850746268,0.0,-6.614657111572408,-20.785221919437426
2019-08-01,sorghum_fao,Sorghum (FAO series),1 Kg,NGN,67,89.0723880597015,88.19,9.399999999999999,0.0,2.7525921232511186,-18.129637733747273
2019-09-01,sorghum_fao,Sorghum (FAO series),1 Kg,NGN,67,94.56343283582089,94.48,9.405970149253733,0.0,6.164699179771604,-17.589207090001192
2019-10-01,sorghum_fao,Sorghum (FAO series),1 Kg,NGN,67,91.60014925373135,90.49,9.405970149253733,0.0,-3.1336463717791863,-19.54956112293802
2019-11-01,sorghum_fao,Sorghum (FAO series),1 Kg,NGN,67,92.32955223880597,91.76,9.405970149253733,0.0,0.7962901709408721,-11.588653881059264
2019-12-01,sorghum_fao,Sorghum (FAO series),1 Kg,NGN,67,90.77029850746268,89.45,9.405970149253733,0.0,-1.6887916095491895,-5.1016220517902
2020-01-01,sorghum_fao,Sorghum (FAO series),1 Kg,NGN,67,92.67940298507463,91.22,9.411940298507464,0.0,2.103225954969168,-2.0252829021691787
2020-02-01,sorghum_fao,Sorghum (FAO series),1 Kg,NGN,67,94.91805970149254,93.13,9.411940298507464,0.0,2.415484610726759,0.7793570225328894
2020-03-01,sorghum_fao,Sorghum (FAO series),1 Kg,NGN,67,96.85164179104478,94.64,9.41044776119403,0.0,2.037106632429242,-1.2038434074843174
2020-04-01,sorghum_fao,Sorghum (FAO series),1 Kg,NGN,67,114.07,112.56,9.407462686567163,0.0,17.77807571512666,17.62961252837738
2020-05-01,sorghum_fao,Sorghum (FAO series),1 Kg,NGN,67,126.45164179104478,126.66,9.41044776119403,0.0,10.854424293017262,29.750003062937246
2020-06-01,sorghum_fao,Sorghum (FAO series),1 Kg,NGN,67,137.7220895522388,135.63,9.414925373134327,0.0,8.912852060725228,48.365188113908644
2020-07-01,sorghum_fao,Sorghum (FAO series),1 Kg,NGN,67,155.72417910447763,154.34,9.425373134328359,0.0,13.071316018198043,79.64111446664765
2020-08-01,sorghum_fao,Sorghum (FAO series),1 Kg,NGN,67,185.23716417910447,182.83,9.425373134328359,0.0,18.952089036106678,107.96249905744948
2020-09-01,sorghum_fao,Sorghum (FAO series),1 Kg,NGN,67,199.54850746268656,197.8,9.425373134328359,0.0,7.725956800841849,111.02079469676043
2020-10-01,sorghum_fao,Sorghum (FAO series),1 Kg,NGN,67,189.98880597014926,192.03,9.425373134328359,0.0,-4.790665494867142,107.41102227233546
2020-11-01,sorghum_fao,Sorghum (FAO series),1 Kg,NGN,67,180.16358208955225,177.62,9.426865671641792,0.0,-5.171475145825555,95.13100380208468
2020-12-01,sorghum_fao,Sorghum (FAO series),1 Kg,NGN,67,160.95119402985074,156.12,9.426865671641792,0.0,-10.663857721341142,77.31702624798366
2021-01-01,sorghum_fao,Sorghum (FAO series),1 Kg,NGN,67,172.77537313432836,171.31,9.426865671641792,0.0,7.346437642633874,86.42262203841841
2021-02-01,sorghum_fao,Sorghum (FAO series),1 Kg,NGN,67,186.37074626865672,182.95,9.426865671641792,0.0,7.868814222590803,96.34908978836421
2021-03-01,sorghum_fao,Sorghum (FAO series),1 Kg,NGN,67,197.2283582089552,194.96,9.428358208955224,0.0,5.825813416364745,103.63966429652365
2021-04-01,sorghum_fao,Sorghum (FAO series),1 Kg,NGN,67,199.03761194029852,195.73,9.429850746268658,0.0,0.9173395488221381,74.48725514184144
2021-05-01,sorghum_fao,Sorghum (FAO series),1 Kg,NGN,67,188.37432835820894,183.63,9.43134328358209,0.0,-5.357421382893213,48.96946033289817
2021-06-01,sorghum_fao,Sorghum (FAO series),1 Kg,NGN,67,220.354776119403,215.89,9.432835820895523,0.0,16.977073277405765,59.99958818212756
2021-07-01,sorghum_fao,Sorghum (FAO series),1 Kg,NGN,67,238.37776119402983,232.77,9.434328358208955,0.0,8.17907621156384,53.076909806086505
2021-08-01,sorghum_fao,Sorghum (FAO series),1 Kg,NGN,67,236.6479104477612,231.84,9.434328358208955,0.0,-0.7256762281866558,27.75401280649494
2021-09-01,sorghum_fao,Sorghum (FAO series),1 Kg,NGN,67,241.31164179104476,242.76,9.435820895522388,0.0,1.9707468933316763,20.928813179004834
2021-10-01,sorghum_fao,Sorghum (FAO series),1 Kg,NGN,67,220.975223880597,216.31,9.437313432835822,0.0,-8.427449981073575,16.30960190113322
2021-11-01,sorghum_fao,Sorghum (FAO series),1 Kg,NGN,67,204.47149253731342,197.8,9.437313432835822,0.0,-7.468589036118056,13.492133185761524
2021-12-01,sorghum_fao,Sorghum (FAO series),1 Kg,NGN,67,208.92597014925374,206.27,9.438805970149254,0.0,2.178532350238238,29.80703337342461
2022-01-01,sorghum_fao,Sorghum (FAO series),1 Kg,NGN,67,226.48194029850745,226.06,9.440298507462687,0.0,8.40296212898377,31.084619404886848
2022-02-01,sorghum_fao,Sorghum (FAO series),1 Kg,NGN,67,231.57119402985074,227.32,9.440298507462687,0.0,2.2470903086734273,24.25297353053295
2022-03-01,sorghum_fao,Sorghum (FAO series),1 Kg,NGN,67,236.32746268656717,234.39,9.434328358208955,0.0,2.0539120492263585,19.824281271047294
2022-04-01,sorghum_fao,Sorghum (FAO series),1 Kg,NGN,67,237.29119402985074,234.9,9.425373134328359,0.0,0.40779490133220353,19.21927303922155
2022-05-01,sorghum_fao,Sorghum (FAO series),1 Kg,NGN,67,231.99492537313432,229.06,9.407462686567165,0.0,-2.2319701657576685,23.156338443302804
2022-06-01,sorghum_fao,Sorghum (FAO series),1 Kg,NGN,67,229.80791044776117,228.38,9.407462686567165,0.0,-0.9426994671782651,4.2899611684549255
2022-07-01,sorghum_fao,Sorghum (FAO series),1 Kg,NGN,67,234.64074626865673,233.76,9.407462686567165,0.0,2.1029893233349473,-1.5676860570610573
2022-08-01,sorghum_fao,Sorghum (FAO series),1 Kg,NGN,67,227.20194029850748,226.36,9.407462686567165,0.0,-3.1702959048860335,-3.9915713311733936
2022-09-01,sorghum_fao,Sorghum (FAO series),1 Kg,NGN,67,231.95223880597013,230.36,9.407462686567165,0.0,2.090782544031766,-3.878554269329071
2022-10-01,sorghum_fao,Sorghum (FAO series),1 Kg,NGN,67,234.20447761194032,234.17,9.407462686567165,0.0,0.9709924842994155,5.986758831610772
2022-11-01,sorghum_fao,Sorghum (FAO series),1 Kg,NGN,67,231.58731343283583,230.07,9.407462686567165,0.0,-1.1174697451519,13.261418772386623
2022-12-01,sorghum_fao,Sorghum (FAO series),1 Kg,NGN,67,224.09746268656718,222.59,9.407462686567165,0.0,-3.2341368943082593,7.261659489471395
2023-01-01,sorghum_fao,Sorghum (FAO series),1 Kg,NGN,67,230.15268656716418,228.46,9.407462686567165,0.0,2.702049281595875,1.620767759150521
2023-02-01,sorghum_fao,Sorghum (FAO series),1 Kg,NGN,67,215.96805970149254,214.37,9.414925373134329,0.0,-6.163137644509842,-6.737942684851761
2023-03-01,sorghum_fao,Sorghum (FAO series),1 Kg,NGN,67,240.18029850746268,238.5,9.399999999999999,0.0,11.211027611877377,1.6302954286804061
2023-04-01,sorghum_fao,Sorghum (FAO series),1 Kg,NGN,67,241.79731343283584,234.53,9.380597014925373,0.0,0.673250443696527,1.898982986455966
2023-05-01,sorghum_fao,Sorghum (FAO series),1 Kg,NGN,67,268.26641791044773,267.06,9.361194029850747,0.0,10.946814959118335,15.634606006564722
2023-06-01,sorghum_fao,Sorghum (FAO series),1 Kg,NGN,67,309.9344776119403,305.35,9.464179104477612,0.0,15.5323428202639,34.866757636001
2023-07-01,sorghum_fao,Sorghum (FAO series),1 Kg,NGN,67,362.40970149253735,357.87,9.534328358208956,0.0,16.931070168417904,54.45301263983748
2023-08-01,sorghum_fao,Sorghum (FAO series),1 Kg,NGN,67,432.25432835820897,429.06,9.585074626865673,0.0,19.272283986335246,90.25116061521967
2023-09-01,sorghum_fao,Sorghum (FAO series),1 Kg,NGN,67,462.6725373134329,462.11,9.58358208955224,0.0,7.037109164588018,99.46888191084118
2023-10-01,sorghum_fao,Sorghum (FAO series),1 Kg,NGN,67,424.1038805970149,407.32,9.58955223880597,0.0,-8.33605922244095,81.08273800799147
2023-11-01,sorghum_fao,Sorghum (FAO series),1 Kg,NGN,67,397.0137313432836,370.38,9.582089552238806,0.0,-6.3876211685675255,71.43155445707269
2023-12-01,sorghum_fao,Sorghum (FAO series),1 Kg,NGN,67,400.3298507462686,383.5,9.56268656716418,0.0,0.8352656699719185,78.64095646017554
2024-01-01,sorghum_fao,Sorghum (FAO series),1 Kg,NGN,67,456.8092537313433,445.45,9.553731343283582,0.0,14.108216731724976,98.48095650972782
2024-02-01,sorghum_fao,Sorghum (FAO series),1 Kg,NGN,67,529.5550746268657,523.33,9.556716417910447,0.0,15.924769540309125,145.20064465032837
2024-03-01,sorghum_fao,Sorghum (FAO series),1 Kg,NGN,67,580.6737313432835,585.58,9.556716417910447,0.0,9.65313319911758,141.76576303374082
2024-04-01,sorghum_fao,Sorghum (FAO series),1 Kg,NGN,67,601.1668656716417,595.34,9.547761194029851,0.0,3.529199483667189,148.62429492568708
2024-05-01,sorghum_fao,Sorghum (FAO series),1 Kg,NGN,67,628.284328358209,618.2,9.532835820895523,0.0,4.510804609344321,134.20163181510924
2024-06-01,sorghum_fao,Sorghum (FAO series),1 Kg,NGN,67,765.864776119403,759.53,9.501492537313434,0.0,21.897800335193796,147.10538240870363
2024-07-01,sorghum_fao,Sorghum (FAO series),1 Kg,NGN,67,806.2434328358208,791.41,9.49402985074627,0.0,5.272295838047847,122.46739795193444
2024-08-01,sorghum_fao,Sorghum (FAO series),1 Kg,NGN,67,877.9880597014925,875.98,9.49402985074627,0.0,8.898630853131095,103.11839630068533
2024-09-01,sorghum_fao,Sorghum (FAO series),1 Kg,NGN,67,907.7979104477612,880.04,9.516417910447762,0.0,3.3952455750256627,96.20743338668977
2024-10-01,sorghum_fao,Sorghum (FAO series),1 Kg,NGN,67,805.9052238805971,773.57,9.541791044776119,0.0,-11.224159627874297,90.02543026631045
2024-11-01,sorghum_fao,Sorghum (FAO series),1 Kg,NGN,67,730.6713432835821,712.33,9.559701492537313,0.0,-9.335326086453266,84.04183170475702
2024-12-01,sorghum_fao,Sorghum (FAO series),1 Kg,NGN,67,662.5679104477613,652.0,9.586567164179105,0.0,-9.320665640145286,65.50549733242367
2025-01-01,sorghum_fao,Sorghum (FAO series),1 Kg,NGN,67,667.7510447761194,655.92,9.586567164179105,0.0,0.7822797099931167,46.17721495826665
2025-02-01,sorghum_fao,Sorghum (FAO series),1 Kg,NGN,67,697.728656716418,681.83,9.58358208955224,0.0,4.489339578697216,31.7575244101004
2025-03-01,sorghum_fao,Sorghum (FAO series),1 Kg,NGN,67,658.2476119402986,636.64,9.577611940298508,0.0,-5.658509851368465,13.359288772640365
2025-04-01,sorghum_fao,Sorghum (FAO series),1 Kg,NGN,67,628.4550746268657,620.78,9.571641791044776,0.0,-4.526038039942792,4.53920708433202
2025-05-01,sorghum_fao,Sorghum (FAO series),1 Kg,NGN,67,611.4353731343283,596.0,9.592537313432837,0.0,-2.708181090373485,-2.681740489677542
2025-06-01,sorghum_fao,Sorghum (FAO series),1 Kg,NGN,67,597.7185074626866,591.79,9.5955223880597,0.0,-2.2433876537640507,-21.9550857931742
2025-07-01,sorghum_fao,Sorghum (FAO series),1 Kg,NGN,67,570.5098507462687,559.4,9.594029850746267,0.0,-4.55208536739452,-29.23851190457456
2025-08-01,sorghum_fao,Sorghum (FAO series),1 Kg,NGN,67,540.0589552238805,533.94,9.588059701492536,0.0,-5.3374881226952,-38.48903191149372
2025-09-01,sorghum_fao,Sorghum (FAO series),1 Kg,NGN,67,490.6937313432836,487.75,9.598507462686568,0.0,-9.14071017674961,-45.946809780465955
2025-10-01,sorghum_fao,Sorghum (FAO series),1 Kg,NGN,67,440.6807462686567,436.55,9.632835820895522,0.0,-10.192301608931375,-45.318539549019235
2025-11-01,sorghum_fao,Sorghum (FAO series),1 Kg,NGN,67,400.0720895522388,399.44,9.65223880597015,0.0,-9.214983195944127,-45.245958633830504
2025-12-01,sorghum_fao,Sorghum (FAO series),1 Kg,NGN,67,369.8776119402985,370.43,9.613432835820896,0.0,-7.547259206642987,-44.1751394675398
2026-01-01,sorghum_fao,Sorghum (FAO series),1 Kg,NGN,67,339.71014925373134,328.98,9.592537313432837,0.0,-8.15606614531632,-49.12622722026173
2026-02-01,sorghum_fao,Sorghum (FAO series),1 Kg,NGN,67,321.80462686567165,311.52,9.594029850746269,0.0,-5.270823502740263,-53.87825571331455
2026-03-01,sorghum_fao,Sorghum (FAO series),1 Kg,NGN,67,354.14507462686566,349.6,9.5955223880597,0.0,10.049714970286505,-46.19880601116625
2026-04-01,sorghum_fao,Sorghum (FAO series),1 Kg,NGN,67,381.5780597014925,377.73,9.598507462686568,0.0,7.746256277467878,-39.283160386914226
2026-05-01,sorghum_fao,Sorghum (FAO series),1 Kg,NGN,67,404.53656716417913,406.07,9.58955223880597,0.0,6.0167262972737445,-33.838213335540026
2026-06-01,sorghum_fao,Sorghum (FAO series),1 Kg,NGN,67,399.2919402985075,394.89,9.570149253731344,0.0,-1.2964531000094093,-33.1973269501892
2026-07-01,sorghum_fao,Sorghum (FAO series),1 Kg,NGN,67,431.4992537313433,422.72,9.565671641791045,0.0,8.066106570735654,-24.366029233866758
2026-08-01,sorghum_fao,Sorghum (FAO series),1 Kg,NGN,67,443.90611940298504,433.08,9.561194029850746,0.0,2.8752924980413486,-17.80413691705852
2007-01-01,yam,Yam,2.5 KG,NGN,67,149.53522388059702,145.49,8.528358208955224,0.0,,
2007-02-01,yam,Yam,2.5 KG,NGN,67,156.2816417910448,150.11,8.528358208955224,0.0,4.511591139111637,
2007-03-01,yam,Yam,2.5 KG,NGN,67,155.54686567164177,149.44,8.528358208955224,0.0,-0.4701615052044583,
2007-04-01,yam,Yam,2.5 KG,NGN,67,159.1649253731343,154.27,8.528358208955224,0.0,2.326025462403236,
2007-05-01,yam,Yam,2.5 KG,NGN,67,161.0323880597015,156.42,8.528358208955224,0.0,1.1732878221689003,
2007-06-01,yam,Yam,2.5 KG,NGN,67,161.96358208955223,157.23,8.528358208955224,0.0,0.5782650565335334,
2007-07-01,yam,Yam,2.5 KG,NGN,67,164.19134328358209,159.58,8.528358208955224,0.0,1.3754704392732409,
2007-08-01,yam,Yam,2.5 KG,NGN,67,162.43492537313432,156.01,8.528358208955224,0.0,-1.0697384376801011,
2007-09-01,yam,Yam,2.5 KG,NGN,67,163.03462686567164,160.28,8.528358208955224,0.0,0.3691949198485034,
2007-10-01,yam,Yam,2.5 KG,NGN,67,167.1137313432836,163.45,8.528358208955224,0.0,2.501986575510018,
2007-11-01,yam,Yam,2.5 KG,NGN,67,166.02238805970148,159.51,8.528358208955224,0.0,-0.6530542252930038,
2007-12-01,yam,Yam,2.5 KG,NGN,67,170.75014925373134,161.28,8.528358208955224,0.0,2.8476648536881477,
2008-01-01,yam,Yam,2.5 KG,NGN,67,175.92999999999998,167.68,8.528358208955224,0.0,3.033584901042441,17.651209818282698
2008-02-01,yam,Yam,2.5 KG,NGN,67,180.20223880597013,171.38,8.528358208955224,0.0,2.428374243147924,15.306082493622753
2008-03-01,yam,Yam,2.5 KG,NGN,67,189.8207462686567,180.29,8.528358208955224,0.0,5.337618181893489,22.034439877025115
2008-04-01,yam,Yam,2.5 KG,NGN,67,192.64850746268658,181.79,8.528358208955224,0.0,1.4897008096405262,21.037035647807368
2008-05-01,yam,Yam,2.5 KG,NGN,67,200.77716417910446,190.65,8.528358208955224,0.0,4.219423666177269,24.681231271728944
2008-06-01,yam,Yam,2.5 KG,NGN,67,212.67776119402984,207.53,8.528358208955224,0.0,5.927266212560589,31.312087847277258
2008-07-01,yam,Yam,2.5 KG,NGN,67,216.19940298507464,210.45,8.528358208955224,0.0,1.655858032016777,31.675275115855015
2008-08-01,yam,Yam,2.5 KG,NGN,67,222.01044776119403,216.11,8.528358208955224,0.0,2.687817216831334,36.67654739349122
2008-09-01,yam,Yam,2.5 KG,NGN,67,186.23179104477612,177.47,8.528358208955224,0.0,-16.11575359503049,14.22836646733776
2008-10-01,yam,Yam,2.5 KG,NGN,67,184.1397014925373,174.96,8.528358208955224,0.0,-1.1233793867856834,10.188253240710132
2008-11-01,yam,Yam,2.5 KG,NGN,67,152.39805970149254,144.58,8.528358208955224,0.0,-17.23780452219924,-8.206319953252116
2008-12-01,yam,Yam,2.5 KG,NGN,67,148.3650746268657,141.4,8.528358208955224,0.0,-2.646349358073452,-13.10984190918736
2009-01-01,yam,Yam,2.5 KG,NGN,67,187.1634328358209,174.27,8.528358208955224,0.0,26.150600676427448,6.385171850065907
2009-02-01,yam,Yam,2.5 KG,NGN,67,192.23179104477612,182.86,8.528358208955224,0.0,2.707985279048142,6.675584231646869
2009-03-01,yam,Yam,2.5 KG,NGN,67,182.4773134328358,177.3,8.528358208955224,0.0,-5.074331128542742,-3.86861445873129
2009-04-01,yam,Yam,2.5 KG,NGN,67,186.86880597014925,176.94,8.528358208955224,0.0,2.4065964446204013,-3.0001278331506342
2009-05-01,yam,Yam,2.5 KG,NGN,67,163.98567164179104,158.54,8.531343283582089,0.0,-12.245561376366688,-18.324540386721143
2009-06-01,yam,Yam,2.5 KG,NGN,67,190.65253731343282,180.12,8.532835820895523,0.0,16.261704699354862,-10.356148079113458
2009-07-01,yam,Yam,2.5 KG,NGN,67,224.0286567164179,215.04,8.535820895522388,0.0,17.50625502985819,3.621311448248443
2009-08-01,yam,Yam,2.5 KG,NGN,67,215.05895522388062,204.66,8.537313432835822,0.0,-4.003818807828418,-3.131155586331147
2009-09-01,yam,Yam,2.5 KG,NGN,67,194.00402985074626,190.95,8.537313432835822,0.0,-9.790303943035417,4.173422143645422
2009-10-01,yam,Yam,2.5 KG,NGN,67,181.99223880597015,174.23,8.537313432835822,0.0,-6.191516255624785,-1.1662138415349799
2009-11-01,yam,Yam,2.5 KG,NGN,67,170.03119402985075,166.49,8.537313432835822,0.0,-6.572282892168602,11.57044542620611
2009-12-01,yam,Yam,2.5 KG,NGN,67,174.73298507462687,168.94,8.537313432835822,0.0,2.765252030136689,17.772316371676954
2010-01-01,yam,Yam,2.5 KG,NGN,67,184.88746268656715,179.47,8.540298507462687,0.0,5.811425706258833,-1.2160335567526381
2010-02-01,yam,Yam,2.5 KG,NGN,67,184.84731343283582,179.85,8.541791044776119,0.0,-0.02171550907126285,-3.8414445247613838
2010-03-01,yam,Yam,2.5 KG,NGN,67,178.3137313432836,169.69,8.543283582089552,0.0,-3.5345832017873446,-2.2816984814305163
2010-04-01,yam,Yam,2.5 KG,NGN,67,171.39328358208957,164.86,8.544776119402986,0.0,-3.8810515090792475,-8.28149048618193
2010-05-01,yam,Yam,2.5 KG,NGN,67,176.86641791044775,168.22,8.544776119402986,0.0,3.1933190227590336,7.85479983689874
2010-06-01,yam,Yam,2.5 KG,NGN,67,174.6859701492537,169.49,8.544776119402986,0.0,-1.2328218024396653,-8.374694294222829
2010-07-01,yam,Yam,2.5 KG,NGN,67,171.85955223880597,168.89,8.544776119402986,0.0,-1.6179993779882884,-23.2867996631561
2010-08-01,yam,Yam,2.5 KG,NGN,67,168.28298507462685,163.54,8.544776119402986,0.0,-2.0810988493728533,-21.75030102818042
2010-09-01,yam,Yam,2.5 KG,NGN,67,175.55044776119402,169.55,8.547761194029851,0.0,4.31859625222617,-9.511958129812658
2010-10-01,yam,Yam,2.5 KG,NGN,67,174.08910447761193,171.38,8.552238805970148,0.0,-0.8324349508752049,-4.342566683178228
2010-11-01,yam,Yam,2.5 KG,NGN,67,175.0144776119403,174.03,8.555223880597016,0.0,0.531551435746147,2.9308054974986897
2010-12-01,yam,Yam,2.5 KG,NGN,67,177.81970149253732,172.6,8.559701492537313,0.0,1.6028524719063908,1.766533328891584
2011-01-01,yam,Yam,2.5 KG,NGN,67,180.5520895522388,175.74,8.559701492537313,0.0,1.5366059197980064,-2.344871345699595
2011-02-01,yam,Yam,2.5 KG,NGN,67,181.13059701492537,174.65,8.559701492537313,0.0,0.3204102838805234,-2.010695394423956
2011-03-01,yam,Yam,2.5 KG,NGN,67,184.6089552238806,178.62,8.561194029850746,0.0,1.9203592691016347,3.530420138243673
2011-04-01,yam,Yam,2.5 KG,NGN,67,187.6868656716418,180.51,8.56268656716418,0.0,1.667259556302958,9.506546434620567
2011-05-01,yam,Yam,2.5 KG,NGN,67,188.00194029850746,180.89,8.564179104477612,0.0,0.16787249642544744,6.296007189843089
2011-06-01,yam,Yam,2.5 KG,NGN,67,191.72089552238805,186.54,8.564179104477612,0.0,1.9781472563398461,9.75174214539354
2011-07-01,yam,Yam,2.5 KG,NGN,67,199.47746268656715,189.43,8.565671641791045,0.0,4.0457599277556655,16.070046784123427
2011-08-01,yam,Yam,2.5 KG,NGN,67,198.939552238806,193.62,8.565671641791045,0.0,-0.26965976031405603,18.217270837324495
2011-09-01,yam,Yam,2.5 KG,NGN,67,190.1982089552239,183.97,8.565671641791045,0.0,-4.3939695174788795,8.343904205790231
2011-10-01,yam,Yam,2.5 KG,NGN,67,196.12746268656716,193.35,8.565671641791045,0.0,3.1174077631504593,12.659240378704673
2011-11-01,yam,Yam,2.5 KG,NGN,67,186.30746268656716,179.0,8.564179104477612,0.0,-5.006947964086706,6.4526005098085815
2011-12-01,yam,Yam,2.5 KG,NGN,67,204.22626865671643,194.05,8.56268656716418,0.0,9.617868072356718,14.850192044264187
2012-01-01,yam,Yam,2.5 KG,NGN,67,190.39462686567165,182.4,8.561194029850746,0.0,-6.772704550703201,5.451356081140846
2012-02-01,yam,Yam,2.5 KG,NGN,67,204.03567164179103,196.54,8.558208955223881,0.0,7.164616460391748,12.645613167706982
2012-03-01,yam,Yam,2.5 KG,NGN,67,208.56731343283582,197.52,8.555223880597016,0.0,2.221004667752724,12.977895996377974
2012-04-01,yam,Yam,2.5 KG,NGN,67,189.8507462686567,179.55,8.56268656716418,0.0,-8.973873641138086,1.1529206315377571
2012-05-01,yam,Yam,2.5 KG,NGN,67,191.4897014925373,180.55,8.567164179104477,0.0,0.8632861635220035,1.8551729777320558
2012-06-01,yam,Yam,2.5 KG,NGN,67,213.4873134328358,202.16,8.574626865671641,0.0,11.487621406708271,11.353179762247677
2012-07-01,yam,Yam,2.5 KG,NGN,67,227.29746268656717,215.32,8.57910447761194,0.0,6.468838373422181,13.946437670361167
2012-08-01,yam,Yam,2.5 KG,NGN,67,232.5079104477612,221.52,8.58358208955224,0.0,2.292347525400662,16.873647211520783
2012-09-01,yam,Yam,2.5 KG,NGN,67,244.96597014925374,235.02,8.588059701492536,0.0,5.358122946226196,28.79509827924993
2012-10-01,yam,Yam,2.5 KG,NGN,67,236.24358208955223,224.03,8.592537313432837,0.0,-3.5606529569748413,20.454106147844755
2012-11-01,yam,Yam,2.5 KG,NGN,67,223.16746268656715,213.77,8.598507462686568,0.0,-5.53501571866124,19.78450002403345
2012-12-01,yam,Yam,2.5 KG,NGN,67,224.30194029850745,213.59,8.604477611940299,0.0,0.5083526058337728,9.830112342470576
2013-01-01,yam,Yam,2.5 KG,NGN,67,221.80522388059703,213.61,8.611940298507463,0.0,-1.1131051361337851,16.497627864827493
2013-02-01,yam,Yam,2.5 KG,NGN,67,220.40074626865672,212.99,8.626865671641792,0.0,-0.6332031263142746,8.020692899032156
2013-03-01,yam,Yam,2.5 KG,NGN,67,227.2462686567164,217.13,8.634328358208956,0.0,3.1059433799354608,8.95584016327453
2013-04-01,yam,Yam,2.5 KG,NGN,67,240.7713432835821,230.76,8.634328358208956,0.0,5.951725723293166,26.821383647798758
2013-05-01,yam,Yam,2.5 KG,NGN,67,247.97208955223883,239.77,8.634328358208956,0.0,2.9906990468444805,29.49630586890999
2013-06-01,yam,Yam,2.5 KG,NGN,67,250.014776119403,243.58,8.634328358208956,0.0,0.823756645698559,17.109898522405143
2013-07-01,yam,Yam,2.5 KG,NGN,67,251.65985074626863,246.7,8.632835820895522,0.0,0.6579909605342493,10.718284213007735
2013-08-01,yam,Yam,2.5 KG,NGN,67,270.6888059701493,265.73,8.629850746268657,0.0,7.561379046936767,16.42133183720922
2013-09-01,yam,Yam,2.5 KG,NGN,67,281.20507462686567,279.76,8.628358208955225,0.0,3.885003156678768,14.793525996909707
2013-10-01,yam,Yam,2.5 KG,NGN,67,276.2679104477612,270.92,8.626865671641792,0.0,-1.7557166013649095,16.941974890575896
2013-11-01,yam,Yam,2.5 KG,NGN,67,261.3001492537314,257.22,8.625373134328358,0.0,-5.41784283588016,17.087027879472096
2013-12-01,yam,Yam,2.5 KG,NGN,67,256.07283582089553,251.85,8.623880597014924,0.0,-2.0005015105291624,14.164342707025401
2014-01-01,yam,Yam,2.5 KG,NGN,67,214.2202985074627,202.7,8.622388059701493,0.0,-16.34399727689416,-3.4196333343426866
2014-02-01,yam,Yam,2.5 KG,NGN,67,212.5173134328358,202.0,8.622388059701493,0.0,-0.7949690512486951,-3.5768630412037816
2014-03-01,yam,Yam,2.5 KG,NGN,67,221.69104477611938,212.8,8.622388059701493,0.0,4.316698340995573,-2.4445831007191887
2014-04-01,yam,Yam,2.5 KG,NGN,67,217.9620895522388,208.39,8.622388059701493,0.0,-1.6820504534345804,-9.473408845203979
2014-05-01,yam,Yam,2.5 KG,NGN,67,226.06432835820894,215.31,8.614925373134328,0.0,3.717269742923923,-8.83476895871167
2014-06-01,yam,Yam,2.5 KG,NGN,67,238.70283582089553,227.83,8.600000000000001,0.0,5.590668618297134,-4.524508700679785
2014-07-01,yam,Yam,2.5 KG,NGN,67,260.57880597014923,259.2,8.601492537313431,0.0,9.164520427259504,3.5440517021020357
2014-08-01,yam,Yam,2.5 KG,NGN,67,261.7910447761194,260.47,8.604477611940299,0.0,0.46521005476900523,-3.2870813265219123
2014-09-01,yam,Yam,2.5 KG,NGN,67,258.9955223880597,253.13,8.607462686567166,0.0,-1.0678449258836875,-7.897991267858895
2014-10-01,yam,Yam,2.5 KG,NGN,67,261.43029850746274,255.13,8.61044776119403,0.0,0.940084252018436,-5.3707330381767555
2014-11-01,yam,Yam,2.5 KG,NGN,67,262.0288059701493,255.74,8.613432835820896,0.0,0.2289357683877835,0.278858132495885
2014-12-01,yam,Yam,2.5 KG,NGN,67,261.57611940298506,253.69,8.61641791044776,0.0,-0.17276213792150052,2.149108695753532
2015-01-01,yam,Yam,2.5 KG,NGN,67,244.27925373134326,243.06,8.625373134328358,0.0,-6.612555347605786,14.031795975129512
2015-02-01,yam,Yam,2.5 KG,NGN,67,246.94462686567167,243.28,8.626865671641792,0.0,1.0911172740275976,16.199768798468405
2015-03-01,yam,Yam,2.5 KG,NGN,67,266.31,260.76,8.626865671641792,0.0,7.841990076934269,20.12663852477228
2015-04-01,yam,Yam,2.5 KG,NGN,67,261.58432835820895,254.4,8.632835820895522,0.0,-1.774500259769085,20.013681689133932
2015-05-01,yam,Yam,2.5 KG,NGN,67,270.54910447761193,264.08,8.649253731343284,0.0,3.4271074936594648,19.67792815543852
2015-06-01,yam,Yam,2.5 KG,NGN,67,275.1689552238806,267.06,8.65820895522388,0.0,1.7075830855876717,15.276785161591654
2015-07-01,yam,Yam,2.5 KG,NGN,67,295.8579104477612,280.34,8.65820895522388,0.0,7.518637124979399,13.538746693640679
2015-08-01,yam,Yam,2.5 KG,NGN,67,310.4337313432836,309.52,8.65820895522388,0.0,4.9266287568457745,18.580729760547342
2015-09-01,yam,Yam,2.5 KG,NGN,67,296.934776119403,285.81,8.659701492537314,0.0,-4.348417668875426,14.648613760394635
2015-10-01,yam,Yam,2.5 KG,NGN,67,333.0238805970149,331.01,8.661194029850746,0.0,12.153882731169151,27.38534228751932
2015-11-01,yam,Yam,2.5 KG,NGN,67,323.32402985074623,316.16,8.66268656716418,0.0,-2.9126592149727126,23.392551690511375
2015-12-01,yam,Yam,2.5 KG,NGN,67,324.80402985074625,313.34,8.66268656716418,0.0,0.45774512976446413,24.171897110512617
2016-01-01,yam,Yam,2.5 KG,NGN,67,324.94835820895526,320.61,8.664179104477611,0.0,0.04443551955783942,33.02331378756027
2016-02-01,yam,Yam,2.5 KG,NGN,67,327.1626865671642,322.79,8.664179104477611,0.0,0.6814400818683453,32.48422965085531
2016-03-01,yam,Yam,2.5 KG,NGN,67,315.3429850746269,314.04,8.664179104477611,0.0,-3.6127902043348703,18.41199544689531
2016-04-01,yam,Yam,2.5 KG,NGN,67,309.5608955223881,303.01,8.664179104477611,0.0,-1.8335874986629142,18.34076508531539
2016-05-01,yam,Yam,2.5 KG,NGN,67,319.11223880597015,313.23,8.664179104477611,0.0,3.0854489122290607,17.94984109155564
2016-06-01,yam,Yam,2.5 KG,NGN,67,358.04910447761193,349.95,8.674626865671643,0.0,12.20162091473922,30.119731052617894
2016-07-01,yam,Yam,2.5 KG,NGN,67,350.0819402985075,356.06,8.68507462686567,0.0,-2.225159644157859,18.32772690399993
2016-08-01,yam,Yam,2.5 KG,NGN,67,324.8771641791045,319.82,8.694029850746269,0.0,-7.199679051684704,4.652662187618084
2016-09-01,yam,Yam,2.5 KG,NGN,67,283.54895522388057,255.31,8.702985074626866,0.0,-12.721180037277025,-4.508000400107992
2016-10-01,yam,Yam,2.5 KG,NGN,67,274.7140298507463,253.43,8.711940298507463,0.0,-3.1158377452523256,-17.509210042756106
2016-11-01,yam,Yam,2.5 KG,NGN,67,288.4985074626866,278.47,8.716417910447761,0.0,5.017755234208265,-10.771090043674114
2016-12-01,yam,Yam,2.5 KG,NGN,67,335.6137313432836,323.0,8.738805970149254,0.0,16.331184620319306,3.328068773501558
2017-01-01,yam,Yam,2.5 KG,NGN,67,319.38522388059704,316.23,8.746268656716419,0.0,-4.8354718377381145,-1.7120056734617806
2017-02-01,yam,Yam,2.5 KG,NGN,67,321.61238805970146,319.47,8.771641791044777,0.0,0.697328496304217,-1.696494965761719
2017-03-01,yam,Yam,2.5 KG,NGN,67,369.17522388059706,354.88,8.78955223880597,0.0,14.78886933051422,17.07101199452101
2017-04-01,yam,Yam,2.5 KG,NGN,67,392.93029850746274,375.79,8.813432835820896,0.0,6.43463404102893,26.9315033620082
2017-05-01,yam,Yam,2.5 KG,NGN,67,407.5613432835821,384.85,8.838805970149254,0.0,3.723572560246713,27.717239805205864
2017-06-01,yam,Yam,2.5 KG,NGN,67,448.97014925373134,441.18,8.850746268656716,0.0,10.160140713182631,25.393456830110427
2017-07-01,yam,Yam,2.5 KG,NGN,67,482.5879104477612,477.0,8.865671641791044,0.0,7.487749742362282,37.8499873590362
2017-08-01,yam,Yam,2.5 KG,NGN,67,498.915223880597,505.81,8.871641791044775,0.0,3.38328273032924,53.570419497242796
2017-09-01,yam,Yam,2.5 KG,NGN,67,415.0738805970149,404.0,8.895522388059701,0.0,-16.804727390649322,46.38526185691172
2017-10-01,yam,Yam,2.5 KG,NGN,67,405.3065671641791,392.02,8.911940298507464,0.0,-2.3531505809970876,47.53762936111583
2017-11-01,yam,Yam,2.5 KG,NGN,67,402.3101492537313,403.0,8.926865671641792,0.0,-0.7392966591715844,39.449646652249925
2017-12-01,yam,Yam,2.5 KG,NGN,67,387.78044776119407,369.93,8.929850746268656,0.0,-3.6115672248113184,15.543677610899543
2018-01-01,yam,Yam,2.5 KG,NGN,67,417.02835820895524,400.1,8.934328358208955,0.0,7.542389157736196,30.57221406237076
2018-02-01,yam,Yam,2.5 KG,NGN,67,399.7823880597015,380.17,8.935820895522388,0.0,-4.135443024383623,24.305655783846603
2018-03-01,yam,Yam,2.5 KG,NGN,67,399.9046268656717,372.35,8.935820895522388,0.0,0.030576335932019916,8.32379883516059
2018-04-01,yam,Yam,2.5 KG,NGN,67,452.4135820895522,434.2,8.935820895522388,0.0,13.130369517209495,15.138380473085288
2018-05-01,yam,Yam,2.5 KG,NGN,67,458.80044776119405,461.11,8.93731343283582,0.0,1.4117316377070255,12.572120816168674
2018-06-01,yam,Yam,2.5 KG,NGN,67,457.5944776119403,441.77,8.938805970149254,0.0,-0.26285287103325894,1.9209135334596672
2018-07-01,yam,Yam,2.5 KG,NGN,67,469.2137313432836,455.23,8.941791044776119,0.0,2.539203224650133,-2.771345658466373
2018-08-01,yam,Yam,2.5 KG,NGN,67,468.55298507462686,463.61,8.941791044776119,0.0,-0.1408198917719483,-6.085650898725947
2018-09-01,yam,Yam,2.5 KG,NGN,67,452.59388059701496,438.33,8.941791044776119,0.0,-3.406040508966146,9.039354619479735
2018-10-01,yam,Yam,2.5 KG,NGN,67,513.5455223880598,498.24,8.943283582089553,0.0,13.46718203760151,26.70545310459673
2018-11-01,yam,Yam,2.5 KG,NGN,67,514.034328358209,507.65,8.944776119402984,0.0,0.09518259800536111,27.770658859022433
2018-12-01,yam,Yam,2.5 KG,NGN,67,488.4261194029851,488.22,8.947761194029852,0.0,-4.981809101546741,25.95429249279
2019-01-01,yam,Yam,2.5 KG,NGN,67,525.4429850746269,479.94,8.949253731343283,0.0,7.578805514514331,25.996943548704586
2019-02-01,yam,Yam,2.5 KG,NGN,67,519.7698507462687,467.26,8.952238805970149,0.0,-1.0796859962936667,30.013193744955302
2019-03-01,yam,Yam,2.5 KG,NGN,67,531.9313432835821,470.35,8.953731343283582,0.0,2.33978414097169,33.0145508574619
2019-04-01,yam,Yam,2.5 KG,NGN,67,542.6871641791045,496.75,8.958208955223881,0.0,2.022031796270407,19.953773640616124
2019-05-01,yam,Yam,2.5 KG,NGN,67,548.9923880597015,478.82,8.958208955223881,0.0,1.161852407203079,19.65820668628737
2019-06-01,yam,Yam,2.5 KG,NGN,67,555.4389552238806,482.22,8.959701492537313,0.0,1.17425438027714,21.38235542582676
2019-07-01,yam,Yam,2.5 KG,NGN,67,568.245671641791,484.0,8.959701492537313,0.0,2.3056928754210837,21.10593396638134
2019-08-01,yam,Yam,2.5 KG,NGN,67,552.6379104477612,452.14,8.959701492537313,0.0,-2.7466572950631374,17.945659947026506
2019-09-01,yam,Yam,2.5 KG,NGN,67,531.9873134328359,448.0,8.959701492537313,0.0,-3.736731886198996,17.54187059071444
2019-10-01,yam,Yam,2.5 KG,NGN,67,525.7767164179105,445.41,8.964179104477612,0.0,-1.167433293634268,2.381715640898574
2019-11-01,yam,Yam,2.5 KG,NGN,67,517.9550746268657,428.2,8.965671641791046,0.0,-1.487635634444462,0.762740161961406
2019-12-01,yam,Yam,2.5 KG,NGN,67,513.7634328358209,436.01,8.965671641791046,0.0,-0.8092674435257519,5.187542685842894
2020-01-01,yam,Yam,2.5 KG,NGN,67,524.4714925373133,445.65,8.968656716417911,0.0,2.0842393633168976,-0.1848901907360312
2020-02-01,yam,Yam,2.5 KG,NGN,67,514.0131343283582,453.84,8.968656716417911,0.0,-1.9940756280878436,-1.1075510458417703
2020-03-01,yam,Yam,2.5 KG,NGN,67,550.64,455.18,8.961194029850747,0.0,7.125667269086566,3.5171186944785715
2020-04-01,yam,Yam,2.5 KG,NGN,67,607.705223880597,497.67,8.953731343283582,0.0,10.363435980059021,11.980762397401111
2020-05-01,yam,Yam,2.5 KG,NGN,67,654.4358208955224,543.13,8.953731343283582,0.0,7.689681638166568,19.206720371568096
2020-06-01,yam,Yam,2.5 KG,NGN,67,684.6517910447761,515.0,8.949253731343283,0.0,4.617102118265248,23.263192940584034
2020-07-01,yam,Yam,2.5 KG,NGN,67,683.0244776119403,550.25,8.949253731343283,0.0,-0.23768482813031344,20.198799867410735
2020-08-01,yam,Yam,2.5 KG,NGN,67,668.789104477612,508.95,8.949253731343283,0.0,-2.084167346988708,21.01759431157051
2020-09-01,yam,Yam,2.5 KG,NGN,67,620.703880597015,489.9,8.949253731343283,0.0,-7.189893429582139,16.676444141440918
2020-10-01,yam,Yam,2.5 KG,NGN,67,596.9741791044776,461.6,8.950746268656717,0.0,-3.82303095474662,13.541387525037575
2020-11-01,yam,Yam,2.5 KG,NGN,67,590.3446268656716,455.97,8.950746268656717,0.0,-1.1105257933854085,13.976029154836489
2020-12-01,yam,Yam,2.5 KG,NGN,67,616.7710447761193,475.79,8.950746268656717,0.0,4.476439135349475,20.049619213210068
2021-01-01,yam,Yam,2.5 KG,NGN,67,659.4962686567164,484.0,8.950746268656717,0.0,6.927242165868197,25.744921895787655
2021-02-01,yam,Yam,2.5 KG,NGN,67,695.3508955223881,539.0,8.950746268656717,0.0,5.436668646920717,35.27881859108079
2021-03-01,yam,Yam,2.5 KG,NGN,67,726.6705970149254,581.43,8.962686567164178,0.0,4.504157784827201,31.968363543317846
2021-04-01,yam,Yam,2.5 KG,NGN,67,726.3956716417911,595.55,8.964179104477612,0.0,-0.037833562313338565,19.53092438522703
2021-05-01,yam,Yam,2.5 KG,NGN,67,791.8317910447762,645.0,8.964179104477612,0.0,9.008330026951716,20.994567498038652
2021-06-01,yam,Yam,2.5 KG,NGN,67,855.619104477612,697.81,8.964179104477612,0.0,8.055664618955527,24.971425718749728
2021-07-01,yam,Yam,2.5 KG,NGN,67,890.0298507462686,717.0,8.968656716417911,0.0,4.021736551764543,30.307167593478002
2021-08-01,yam,Yam,2.5 KG,NGN,67,902.5947761194029,735.0,8.965671641791046,0.0,1.411742017708617,34.95955153522057
2021-09-01,yam,Yam,2.5 KG,NGN,67,843.4132835820895,716.36,8.962686567164178,0.0,-6.556817533528947,35.88013704229862
2021-10-01,yam,Yam,2.5 KG,NGN,67,815.0338805970149,681.57,8.964179104477612,0.0,-3.3648276043914738,36.527493001397346
2021-11-01,yam,Yam,2.5 KG,NGN,67,807.549104477612,665.87,8.961194029850747,0.0,-0.9183392614206753,36.7928270585181
2021-12-01,yam,Yam,2.5 KG,NGN,67,839.505671641791,713.76,8.958208955223881,0.0,3.9572289767878743,36.11301612683873
2022-01-01,yam,Yam,2.5 KG,NGN,67,856.9919402985074,707.85,8.958208955223881,0.0,2.082924421763477,29.946442615066893
2022-02-01,yam,Yam,2.5 KG,NGN,67,867.7471641791044,726.11,8.955223880597014,0.0,1.2549970863029003,24.79270103293707
2022-03-01,yam,Yam,2.5 KG,NGN,67,914.1616417910448,772.17,8.952238805970149,0.0,5.3488480893912005,25.8013803704608
2022-04-01,yam,Yam,2.5 KG,NGN,67,917.34,752.93,8.958208955223881,0.0,0.34768011078742944,26.286545447970354
2022-05-01,yam,Yam,2.5 KG,NGN,67,969.5576119402986,754.77,8.955223880597014,0.0,5.69228551467269,22.4448958611555
2022-06-01,yam,Yam,2.5 KG,NGN,67,1017.716119402985,783.2,8.946268656716418,0.0,4.967059911613769,18.94499714617046
2022-07-01,yam,Yam,2.5 KG,NGN,67,1031.2098507462686,783.76,8.922388059701492,0.0,1.325883621770596,15.862389321169834
2022-08-01,yam,Yam,2.5 KG,NGN,67,970.8522388059702,789.98,8.905970149253733,0.0,-5.853087215625285,7.562359598404944
2022-09-01,yam,Yam,2.5 KG,NGN,67,948.016119402985,822.43,8.885074626865672,0.0,-2.3521725026942053,12.402322545435052
2022-10-01,yam,Yam,2.5 KG,NGN,67,937.2346268656717,803.23,8.874626865671642,0.0,-1.1372689046788675,14.993333305254053
2022-11-01,yam,Yam,2.5 KG,NGN,67,937.3901492537314,796.14,8.856716417910448,0.0,0.016593751831361914,16.078408613939455
2022-12-01,yam,Yam,2.5 KG,NGN,67,933.1298507462687,784.93,8.83731343283582,0.0,-0.4544850946912815,11.15229858082798
2023-01-01,yam,Yam,2.5 KG,NGN,67,924.5767164179105,794.35,8.81492537313433,0.0,-0.9166070854466746,7.8862790816751405
2023-02-01,yam,Yam,2.5 KG,NGN,67,863.2141791044776,766.0,8.813432835820896,0.0,-6.636824854423107,-0.5223854668444883
2023-03-01,yam,Yam,2.5 KG,NGN,67,889.6438805970149,793.9,8.797014925373134,0.0,3.0617779610566886,-2.68199408870341
2023-04-01,yam,Yam,2.5 KG,NGN,67,873.3235820895522,808.42,8.79402985074627,0.0,-1.8344754416239617,-4.798266499928905
2023-05-01,yam,Yam,2.5 KG,NGN,67,916.3016417910447,849.58,8.792537313432836,0.0,4.9212068221794025,-5.492811308311718
2023-06-01,yam,Yam,2.5 KG,NGN,67,1101.08,1018.0,8.822388059701494,0.0,20.165669227415005,8.19127053287887
2023-07-01,yam,Yam,2.5 KG,NGN,67,1300.1631343283582,1202.73,8.853731343283581,0.0,18.08071478260964,26.081333822349826
2023-08-01,yam,Yam,2.5 KG,NGN,67,1472.9010447761193,1480.15,8.880597014925373,0.0,13.285864357090427,51.71217471647467
2023-09-01,yam,Yam,2.5 KG,NGN,67,1484.3140298507462,1494.81,8.901492537313432,0.0,0.7748643478192152,56.570547638524936
2023-10-01,yam,Yam,2.5 KG,NGN,67,1571.348208955224,1522.8,8.941791044776119,0.0,5.863596068901233,67.65793366066448
2023-11-01,yam,Yam,2.5 KG,NGN,67,1622.6241791044777,1568.18,8.962686567164178,0.0,3.2631831606150907,73.1001953024864
2023-12-01,yam,Yam,2.5 KG,NGN,67,1714.633432835821,1677.53,8.956716417910448,0.0,5.670398291619372,83.75078575233086
2024-01-01,yam,Yam,2.5 KG,NGN,67,1855.0852238805971,1806.58,8.985074626865671,0.0,8.191359643121142,100.64156829167814
2024-02-01,yam,Yam,2.5 KG,NGN,67,2017.4204477611943,1976.25,8.988059701492539,0.0,8.750822969793969,133.71030001547499
2024-03-01,yam,Yam,2.5 KG,NGN,67,2254.084626865672,2217.29,8.99402985074627,0.0,11.731029065711729,153.36931732200748
2024-04-01,yam,Yam,2.5 KG,NGN,67,2404.1910447761193,2297.57,8.991044776119402,0.0,6.659307113911339,175.2921247155317
2024-05-01,yam,Yam,2.5 KG,NGN,67,2694.282835820896,2539.38,8.99402985074627,0.0,12.066087330085296,194.03885281210762
2024-06-01,yam,Yam,2.5 KG,NGN,67,2908.0982089552235,2767.64,8.980597014925374,0.0,7.935891892700364,164.11325325636864
2024-07-01,yam,Yam,2.5 KG,NGN,67,2927.8623880597015,2772.33,8.959701492537313,0.0,0.6796255726032818,125.19192482504779
2024-08-01,yam,Yam,2.5 KG,NGN,67,3064.609552238806,2899.44,8.941791044776119,0.0,4.67054615465472,108.06622163165254
2024-09-01,yam,Yam,2.5 KG,NGN,67,3059.579253731343,2826.11,8.949253731343283,0.0,-0.16414157894234505,106.12749001900875
2024-10-01,yam,Yam,2.5 KG,NGN,67,3147.937014925373,2896.09,8.943283582089553,0.0,2.887905619253761,100.33350959291253
2024-11-01,yam,Yam,2.5 KG,NGN,67,3090.6056716417907,3000.0,8.934328358208955,0.0,-1.8212353999383257,90.46959310981599
2024-12-01,yam,Yam,2.5 KG,NGN,67,3181.518656716418,2995.62,8.964179104477612,0.0,2.941591219766715,85.55095192880529
2025-01-01,yam,Yam,2.5 KG,NGN,67,3158.7695522388058,2947.37,8.976119402985073,0.0,-0.7150391662669286,70.27624993050566
2025-02-01,yam,Yam,2.5 KG,NGN,67,3194.6714925373135,3007.26,8.97313432835821,0.0,1.1365799152097678,58.35427345264386
2025-03-01,yam,Yam,2.5 KG,NGN,67,3149.1892537313433,3109.53,8.961194029850747,0.0,-1.4236906333629507,39.71033812117
2025-04-01,yam,Yam,2.5 KG,NGN,67,3171.3410447761194,3094.53,8.959701492537313,0.0,0.7034125058863694,31.908861887946927
2025-05-01,yam,Yam,2.5 KG,NGN,67,3266.745671641791,3127.07,8.964179104477612,0.0,3.0083370258403352,21.247317772652362
2025-06-01,yam,Yam,2.5 KG,NGN,67,3273.672985074627,3085.32,8.962686567164178,0.0,0.21205548668727925,12.570922639189043
2025-07-01,yam,Yam,2.5 KG,NGN,67,3213.689104477612,2991.67,8.97313432835821,0.0,-1.832311317303048,9.762300222290454
2025-08-01,yam,Yam,2.5 KG,NGN,67,3223.1038805970147,3065.44,8.983582089552238,0.0,0.29295852253676813,5.171762524933166
2025-09-01,yam,Yam,2.5 KG,NGN,67,3074.031791044776,3000.0,8.970149253731343,0.0,-4.625109679202333,0.4723700912734108
2025-10-01,yam,Yam,2.5 KG,NGN,67,2883.510895522388,2805.88,8.977611940298507,0.0,-6.197752934026601,-8.399981262307865
2025-11-01,yam,Yam,2.5 KG,NGN,67,2851.442985074627,2786.04,8.99402985074627,0.0,-1.1121133787826976,-7.738375968232658
2025-12-01,yam,Yam,2.5 KG,NGN,67,2705.4279104477614,2582.22,8.99402985074627,0.0,-5.120743265467887,-14.964260708124222
2026-01-01,yam,Yam,2.5 KG,NGN,67,2627.345671641791,2640.08,8.98955223880597,0.0,-2.886132670711139,-16.823762284917663
2026-02-01,yam,Yam,2.5 KG,NGN,67,2767.904776119403,2689.55,8.998507462686566,0.0,5.349851981592457,-13.358704249085672
2026-03-01,yam,Yam,2.5 KG,NGN,67,2895.5297014925372,2828.64,9.02089552238806,0.0,4.610885694993616,-8.054757329628748
2026-04-01,yam,Yam,2.5 KG,NGN,67,2985.3994029850746,2951.61,9.019402985074626,0.0,3.103739583338161,-5.863186556278155
2026-05-01,yam,Yam,2.5 KG,NGN,67,3066.1735820895524,2925.0,9.00597014925373,0.0,2.7056406262998545,-6.139813432474394
2026-06-01,yam,Yam,2.5 KG,NGN,67,3130.030895522388,3025.0,8.997014925373133,0.0,2.0826385631213418,-4.387795916303605
2026-07-01,yam,Yam,2.5 KG,NGN,67,3222.842537313433,3095.5,8.974626865671642,0.0,2.965198903429833,0.2848263331716616
2026-08-01,yam,Yam,2.5 KG,NGN,67,3259.191492537313,3173.84,8.947761194029852,0.0,1.1278538992532061,1.1196540129390309
